years_experience,education_level,job_role,city_tier,company_size,skills_count,work_mode,certifications,performance_score,salary_lpa
1,Bachelors,ML Engineer,Tier-2,Startup,9,Hybrid,3,4.11,14.44
16,Masters,Backend Developer,Tier-2,Startup,8,Onsite,0,3.53,19.58
13,Masters,Data Analyst,Tier-2,Mid,4,Onsite,5,4.69,15.98
9,Masters,Backend Developer,Tier-2,Startup,4,Onsite,0,4.53,15.51
9,Masters,DevOps Engineer,Tier-2,Enterprise,8,Hybrid,5,3.66,17.05
18,Masters,Data Analyst,Tier-1,Startup,2,Hybrid,1,3.29,17.17
1,Masters,Data Scientist,Tier-2,Startup,6,Onsite,2,3.91,11.39
14,Bachelors,Frontend Developer,Tier-1,Startup,8,Onsite,0,3.36,17.4
4,Masters,Backend Developer,Tier-1,Startup,8,Onsite,4,4.84,15.45
1,Bachelors,Frontend Developer,Tier-3,Startup,13,Remote,4,3.56,10.07
11,Bachelors,Backend Developer,Tier-2,Mid,15,Onsite,0,3.18,16.17
20,Bachelors,Frontend Developer,Tier-3,Startup,12,Hybrid,0,3.13,18.3
15,Masters,Backend Developer,Tier-1,Mid,3,Onsite,3,2.53,18.41
15,PhD,Data Analyst,Tier-1,Enterprise,7,Onsite,5,3.95,20.07
15,Bachelors,Frontend Developer,Tier-1,Mid,12,Hybrid,0,2.84,18.34
16,Masters,ML Engineer,Tier-1,Mid,10,Onsite,1,4.38,23.95
10,Masters,Data Analyst,Tier-1,Mid,8,Onsite,3,2.47,14.79
2,Bachelors,ML Engineer,Tier-1,Startup,8,Remote,0,3.6,11.72
17,Bachelors,ML Engineer,Tier-1,Startup,7,Onsite,1,4.42,20.71
9,Diploma,Data Analyst,Tier-3,Enterprise,10,Onsite,0,1.78,10.28
10,Masters,DevOps Engineer,Tier-1,Mid,4,Onsite,2,5.0,21.08
7,Bachelors,Data Scientist,Tier-1,Startup,9,Onsite,4,3.16,15.62
3,PhD,Data Scientist,Tier-2,Mid,4,Hybrid,2,3.61,13.17
19,Bachelors,ML Engineer,Tier-1,Enterprise,11,Onsite,1,3.96,24.94
16,PhD,Frontend Developer,Tier-3,Mid,14,Remote,2,4.08,19.0
13,Bachelors,Frontend Developer,Tier-2,Mid,9,Hybrid,3,3.72,18.03
8,Masters,Frontend Developer,Tier-1,Enterprise,7,Remote,0,4.3,16.59
17,Diploma,Data Scientist,Tier-2,Mid,15,Remote,0,3.92,18.97
11,Bachelors,DevOps Engineer,Tier-2,Mid,11,Remote,1,4.91,18.25
9,Masters,Frontend Developer,Tier-2,Startup,7,Hybrid,5,3.92,14.45
9,Masters,ML Engineer,Tier-2,Startup,2,Onsite,4,5.0,19.09
4,Masters,Backend Developer,Tier-2,Enterprise,2,Onsite,0,4.22,12.46
1,Diploma,Data Analyst,Tier-2,Mid,5,Hybrid,1,2.06,5.65
11,Bachelors,Frontend Developer,Tier-1,Mid,5,Onsite,2,5.0,17.61
18,Diploma,DevOps Engineer,Tier-2,Mid,12,Hybrid,1,3.04,18.62
1,Bachelors,ML Engineer,Tier-3,Startup,9,Onsite,5,4.7,12.65
18,Bachelors,Backend Developer,Tier-2,Enterprise,15,Remote,5,3.52,22.88
17,Masters,ML Engineer,Tier-2,Startup,9,Onsite,1,4.35,19.98
5,Masters,Data Analyst,Tier-1,Enterprise,14,Remote,0,2.95,13.77
13,Masters,Backend Developer,Tier-2,Mid,9,Onsite,1,4.0,18.01
3,Masters,Frontend Developer,Tier-3,Startup,7,Onsite,3,3.3,9.96
15,Masters,DevOps Engineer,Tier-1,Startup,12,Remote,4,4.76,23.68
14,Diploma,DevOps Engineer,Tier-1,Enterprise,8,Remote,2,3.85,20.31
7,Bachelors,ML Engineer,Tier-1,Startup,5,Hybrid,1,4.25,17.62
1,Bachelors,DevOps Engineer,Tier-1,Startup,8,Remote,1,1.77,9.29
20,Masters,Backend Developer,Tier-2,Mid,11,Onsite,0,3.43,21.1
9,Diploma,Backend Developer,Tier-1,Mid,7,Remote,0,3.83,15.73
18,Bachelors,Backend Developer,Tier-1,Mid,11,Onsite,2,3.68,22.24
14,Bachelors,DevOps Engineer,Tier-2,Startup,15,Hybrid,3,4.27,20.76
16,Diploma,Frontend Developer,Tier-2,Enterprise,7,Onsite,0,3.21,19.46
15,Bachelors,Data Analyst,Tier-2,Startup,6,Onsite,1,3.54,15.75
4,Masters,Data Analyst,Tier-2,Startup,7,Hybrid,5,4.44,13.07
7,Bachelors,ML Engineer,Tier-2,Startup,13,Hybrid,5,1.68,14.27
9,Bachelors,Backend Developer,Tier-2,Startup,4,Onsite,3,3.97,12.95
10,Masters,Frontend Developer,Tier-2,Startup,15,Remote,3,3.23,15.74
0,Bachelors,ML Engineer,Tier-1,Startup,7,Hybrid,3,2.77,12.55
11,Masters,Backend Developer,Tier-2,Startup,13,Onsite,2,3.77,17.84
3,Bachelors,DevOps Engineer,Tier-1,Mid,13,Hybrid,1,4.48,15.85
15,Bachelors,ML Engineer,Tier-1,Enterprise,12,Onsite,2,4.33,22.98
14,Bachelors,ML Engineer,Tier-1,Startup,14,Onsite,4,3.39,20.89
19,Bachelors,Backend Developer,Tier-2,Startup,4,Hybrid,3,4.2,19.75
15,Masters,ML Engineer,Tier-2,Enterprise,10,Onsite,4,4.19,23.97
7,Bachelors,DevOps Engineer,Tier-1,Enterprise,3,Onsite,3,3.43,17.11
20,Diploma,DevOps Engineer,Tier-2,Mid,6,Hybrid,0,2.95,17.99
8,Bachelors,Backend Developer,Tier-1,Startup,2,Onsite,3,2.99,14.76
6,Masters,ML Engineer,Tier-2,Mid,11,Remote,5,4.17,16.95
19,Masters,Backend Developer,Tier-2,Startup,10,Hybrid,3,3.47,21.87
7,PhD,Data Scientist,Tier-2,Startup,12,Onsite,3,2.66,15.87
1,Bachelors,ML Engineer,Tier-2,Mid,4,Hybrid,1,2.15,11.43
9,Bachelors,Data Scientist,Tier-1,Mid,6,Onsite,4,4.17,16.75
16,Bachelors,Data Analyst,Tier-1,Mid,11,Hybrid,2,3.06,18.34
3,Bachelors,Data Analyst,Tier-2,Mid,13,Onsite,1,3.76,10.83
9,PhD,Backend Developer,Tier-2,Startup,14,Remote,2,4.49,17.55
2,Masters,Data Analyst,Tier-1,Startup,3,Onsite,0,2.45,8.15
14,Bachelors,Backend Developer,Tier-1,Mid,7,Hybrid,5,3.46,19.1
9,Bachelors,ML Engineer,Tier-1,Enterprise,2,Onsite,4,3.36,17.15
6,Masters,ML Engineer,Tier-1,Startup,13,Onsite,1,3.8,17.0
4,Bachelors,Frontend Developer,Tier-1,Mid,3,Onsite,4,4.49,14.09
11,Bachelors,Backend Developer,Tier-1,Startup,13,Hybrid,0,2.44,15.63
14,Bachelors,Frontend Developer,Tier-3,Startup,4,Remote,2,3.96,15.83
19,Diploma,Frontend Developer,Tier-1,Mid,2,Onsite,3,4.33,19.98
9,Bachelors,Data Analyst,Tier-1,Startup,14,Onsite,0,3.35,12.55
3,Diploma,Data Scientist,Tier-1,Mid,8,Onsite,4,3.39,13.18
17,Bachelors,Backend Developer,Tier-1,Mid,7,Onsite,4,3.83,19.34
13,Bachelors,DevOps Engineer,Tier-2,Startup,11,Remote,3,3.78,19.41
14,Bachelors,Data Analyst,Tier-1,Startup,5,Remote,1,3.97,15.84
2,Bachelors,Data Analyst,Tier-2,Startup,11,Remote,4,3.95,10.17
6,Masters,DevOps Engineer,Tier-2,Enterprise,8,Onsite,2,2.71,13.76
16,Masters,DevOps Engineer,Tier-1,Mid,5,Onsite,4,4.29,22.8
17,Bachelors,Data Scientist,Tier-2,Mid,7,Hybrid,3,4.43,21.55
9,Bachelors,ML Engineer,Tier-3,Startup,2,Onsite,0,3.65,12.4
16,Masters,Backend Developer,Tier-1,Mid,6,Hybrid,0,2.3,18.29
17,Bachelors,Data Scientist,Tier-1,Startup,10,Onsite,0,3.41,20.88
8,Bachelors,Data Scientist,Tier-3,Mid,3,Onsite,0,3.66,12.98
18,Masters,ML Engineer,Tier-2,Mid,3,Remote,1,2.58,17.54
6,Bachelors,Backend Developer,Tier-1,Mid,11,Onsite,0,3.21,16.56
5,Masters,Data Scientist,Tier-2,Startup,7,Remote,5,2.37,13.93
14,Bachelors,ML Engineer,Tier-1,Startup,3,Onsite,5,3.99,20.98
13,Bachelors,Data Scientist,Tier-2,Startup,12,Onsite,1,3.63,17.28
2,Bachelors,Frontend Developer,Tier-1,Mid,12,Onsite,1,2.18,8.22
17,Bachelors,Data Analyst,Tier-1,Enterprise,2,Onsite,4,3.78,19.43
4,Bachelors,Data Scientist,Tier-2,Startup,4,Hybrid,3,3.45,10.84
16,Bachelors,Data Scientist,Tier-3,Mid,7,Onsite,3,3.91,19.15
0,Masters,DevOps Engineer,Tier-2,Mid,12,Hybrid,5,3.19,12.73
16,Bachelors,DevOps Engineer,Tier-1,Startup,3,Remote,3,2.86,19.82
16,Bachelors,Backend Developer,Tier-1,Startup,13,Onsite,4,2.88,19.45
16,Masters,Data Analyst,Tier-3,Startup,6,Onsite,3,3.07,16.52
13,Masters,Frontend Developer,Tier-3,Mid,3,Onsite,3,3.52,13.67
9,Bachelors,ML Engineer,Tier-1,Mid,14,Hybrid,1,3.62,21.26
14,Bachelors,DevOps Engineer,Tier-2,Mid,3,Hybrid,3,3.35,20.28
5,PhD,ML Engineer,Tier-1,Enterprise,3,Onsite,5,3.16,20.91
16,Bachelors,DevOps Engineer,Tier-1,Mid,15,Hybrid,2,3.22,23.52
11,Masters,Frontend Developer,Tier-1,Enterprise,9,Onsite,0,5.0,18.62
9,Masters,Data Scientist,Tier-1,Mid,8,Onsite,3,2.88,18.65
10,Masters,Frontend Developer,Tier-1,Enterprise,11,Onsite,4,3.05,17.67
11,Bachelors,Data Scientist,Tier-2,Enterprise,10,Remote,5,5.0,17.83
0,Bachelors,ML Engineer,Tier-1,Mid,10,Onsite,3,3.84,15.28
2,Bachelors,Data Scientist,Tier-1,Enterprise,2,Onsite,4,2.4,13.28
5,Bachelors,Frontend Developer,Tier-1,Enterprise,9,Onsite,1,4.17,13.97
2,Masters,Data Scientist,Tier-1,Mid,5,Hybrid,2,2.77,11.16
9,Bachelors,Backend Developer,Tier-1,Mid,13,Onsite,2,4.23,16.86
14,Bachelors,Backend Developer,Tier-2,Mid,9,Onsite,1,3.33,14.85
13,Diploma,Frontend Developer,Tier-1,Enterprise,3,Onsite,4,3.15,17.36
9,Masters,DevOps Engineer,Tier-2,Mid,14,Hybrid,5,4.79,17.82
17,Bachelors,Data Analyst,Tier-3,Enterprise,5,Onsite,1,3.95,16.61
11,Diploma,DevOps Engineer,Tier-1,Mid,5,Remote,0,4.28,15.91
1,Bachelors,Data Analyst,Tier-3,Enterprise,15,Onsite,4,3.85,8.21
16,Diploma,Backend Developer,Tier-3,Startup,12,Onsite,5,3.14,17.74
12,Bachelors,ML Engineer,Tier-2,Mid,14,Remote,5,3.99,19.81
13,Bachelors,Backend Developer,Tier-2,Mid,11,Remote,1,4.47,19.16
11,Bachelors,Frontend Developer,Tier-2,Enterprise,14,Onsite,4,3.61,15.43
11,Diploma,DevOps Engineer,Tier-2,Enterprise,3,Remote,4,4.94,16.52
1,Bachelors,ML Engineer,Tier-2,Mid,10,Hybrid,4,4.18,10.34
11,Bachelors,DevOps Engineer,Tier-1,Mid,6,Onsite,4,3.67,15.78
16,Diploma,Data Scientist,Tier-3,Startup,7,Remote,5,3.7,19.9
6,Bachelors,Data Scientist,Tier-2,Enterprise,5,Hybrid,2,3.61,16.38
12,Bachelors,ML Engineer,Tier-2,Startup,4,Onsite,0,2.5,15.25
0,Bachelors,Backend Developer,Tier-1,Mid,8,Hybrid,1,3.43,9.88
7,Bachelors,Frontend Developer,Tier-1,Mid,14,Onsite,5,3.68,15.54
9,Bachelors,Frontend Developer,Tier-1,Mid,10,Onsite,5,3.17,16.87
20,Diploma,Data Scientist,Tier-1,Startup,6,Remote,0,3.77,20.26
4,Bachelors,Data Scientist,Tier-1,Startup,8,Hybrid,2,3.52,13.83
5,Masters,DevOps Engineer,Tier-1,Enterprise,9,Hybrid,1,4.12,17.56
8,Diploma,ML Engineer,Tier-1,Mid,5,Hybrid,1,4.03,14.88
20,Bachelors,Data Scientist,Tier-1,Startup,9,Hybrid,3,3.63,22.25
17,Bachelors,DevOps Engineer,Tier-1,Mid,11,Onsite,3,2.41,21.57
0,Bachelors,ML Engineer,Tier-3,Startup,5,Remote,2,4.93,9.72
4,Bachelors,DevOps Engineer,Tier-1,Enterprise,10,Hybrid,2,3.39,16.08
17,Masters,DevOps Engineer,Tier-1,Startup,11,Hybrid,3,3.44,22.39
1,Masters,DevOps Engineer,Tier-1,Startup,9,Onsite,4,3.23,13.89
17,Bachelors,Backend Developer,Tier-1,Startup,6,Onsite,0,3.11,20.53
5,Bachelors,Frontend Developer,Tier-1,Mid,9,Onsite,0,4.74,13.4
19,Bachelors,DevOps Engineer,Tier-2,Mid,13,Onsite,2,4.61,24.01
6,Bachelors,Data Scientist,Tier-3,Mid,5,Onsite,2,3.86,10.19
9,Bachelors,Data Analyst,Tier-1,Mid,10,Hybrid,5,3.41,14.6
13,Bachelors,Data Scientist,Tier-2,Startup,11,Remote,5,4.0,18.91
2,Bachelors,Backend Developer,Tier-1,Startup,6,Onsite,3,3.56,14.09
11,Masters,Backend Developer,Tier-1,Startup,7,Onsite,0,3.35,14.54
10,Diploma,Data Analyst,Tier-1,Enterprise,14,Hybrid,0,3.77,15.17
16,Bachelors,Backend Developer,Tier-1,Startup,7,Onsite,2,3.15,20.79
20,Masters,Data Scientist,Tier-2,Enterprise,10,Remote,3,3.7,23.21
13,Bachelors,Backend Developer,Tier-2,Startup,4,Onsite,3,3.66,15.81
8,Diploma,Backend Developer,Tier-2,Startup,14,Onsite,0,3.98,14.12
8,Bachelors,Backend Developer,Tier-1,Startup,10,Onsite,5,3.0,16.02
8,Masters,ML Engineer,Tier-2,Startup,12,Remote,2,4.07,19.59
17,Diploma,ML Engineer,Tier-1,Mid,10,Onsite,3,2.77,21.21
6,Bachelors,Frontend Developer,Tier-1,Mid,6,Hybrid,0,3.04,13.8
3,Diploma,Frontend Developer,Tier-1,Startup,6,Onsite,4,3.08,9.98
7,Bachelors,Frontend Developer,Tier-2,Mid,11,Onsite,3,2.64,11.54
0,Bachelors,ML Engineer,Tier-3,Mid,14,Remote,1,4.31,11.83
2,Bachelors,ML Engineer,Tier-1,Enterprise,3,Onsite,1,2.72,11.38
1,Bachelors,Data Scientist,Tier-2,Enterprise,13,Onsite,2,2.94,12.43
16,Bachelors,Backend Developer,Tier-2,Mid,13,Hybrid,0,4.5,19.32
15,Masters,Data Analyst,Tier-2,Enterprise,3,Remote,5,3.04,16.02
14,Diploma,ML Engineer,Tier-1,Mid,3,Onsite,4,3.35,19.12
9,Masters,Data Scientist,Tier-2,Mid,11,Onsite,5,2.69,15.25
15,Bachelors,Backend Developer,Tier-2,Mid,13,Remote,2,4.17,20.51
3,Bachelors,DevOps Engineer,Tier-2,Startup,7,Hybrid,3,4.18,12.06
18,Masters,DevOps Engineer,Tier-1,Mid,10,Remote,2,4.09,25.65
10,Masters,ML Engineer,Tier-3,Enterprise,15,Hybrid,2,3.93,19.36
19,Bachelors,Data Analyst,Tier-1,Startup,6,Hybrid,3,3.56,20.11
3,Masters,Data Scientist,Tier-2,Enterprise,5,Onsite,2,3.08,13.02
10,Bachelors,Data Analyst,Tier-1,Enterprise,15,Onsite,4,2.85,17.17
14,Bachelors,Frontend Developer,Tier-1,Startup,5,Hybrid,0,4.53,17.63
10,PhD,DevOps Engineer,Tier-1,Mid,8,Hybrid,1,4.11,18.61
9,Bachelors,Backend Developer,Tier-1,Enterprise,8,Remote,5,2.95,18.53
3,Masters,Data Scientist,Tier-1,Enterprise,9,Hybrid,5,3.53,16.2
8,Bachelors,Data Analyst,Tier-1,Startup,5,Onsite,4,3.26,13.93
5,Masters,DevOps Engineer,Tier-1,Startup,11,Onsite,2,2.6,16.06
6,Bachelors,Data Scientist,Tier-1,Mid,11,Hybrid,2,3.64,14.72
14,Bachelors,Data Analyst,Tier-2,Startup,4,Onsite,0,3.17,12.42
13,Bachelors,Data Scientist,Tier-2,Startup,8,Hybrid,1,2.74,16.83
12,Bachelors,Data Scientist,Tier-2,Startup,2,Hybrid,4,2.32,14.42
7,Diploma,Backend Developer,Tier-1,Startup,5,Onsite,2,2.25,13.12
20,Diploma,DevOps Engineer,Tier-1,Mid,15,Hybrid,2,3.2,22.83
1,Bachelors,Data Scientist,Tier-3,Mid,9,Hybrid,0,3.43,10.78
7,Diploma,Frontend Developer,Tier-1,Mid,10,Remote,2,2.8,13.6
2,Bachelors,Data Analyst,Tier-1,Mid,14,Onsite,4,4.02,12.55
7,Masters,Data Analyst,Tier-3,Mid,11,Hybrid,3,3.45,11.7
20,Masters,Data Analyst,Tier-3,Startup,13,Onsite,3,3.96,20.02
7,Masters,DevOps Engineer,Tier-1,Startup,11,Hybrid,5,3.35,19.31
19,Bachelors,Backend Developer,Tier-2,Startup,8,Onsite,1,2.87,18.8
10,Masters,Frontend Developer,Tier-1,Startup,10,Remote,1,3.59,17.18
14,Bachelors,Data Analyst,Tier-2,Startup,6,Remote,3,2.49,14.35
9,Bachelors,Data Analyst,Tier-1,Startup,14,Hybrid,2,3.93,15.52
5,Bachelors,DevOps Engineer,Tier-1,Startup,4,Hybrid,5,2.75,15.98
16,Bachelors,Data Analyst,Tier-2,Mid,14,Onsite,0,4.23,19.04
20,Bachelors,Data Analyst,Tier-1,Mid,14,Hybrid,0,3.23,20.61
5,Bachelors,Backend Developer,Tier-2,Enterprise,3,Onsite,2,4.35,13.21
16,PhD,Backend Developer,Tier-1,Mid,11,Hybrid,2,2.6,21.14
5,Diploma,Data Scientist,Tier-2,Mid,15,Onsite,5,2.96,13.07
15,Diploma,ML Engineer,Tier-2,Startup,10,Hybrid,2,3.8,18.9
16,PhD,Frontend Developer,Tier-1,Mid,6,Onsite,2,4.44,22.29
9,Bachelors,ML Engineer,Tier-2,Startup,14,Hybrid,1,4.83,18.66
15,Bachelors,ML Engineer,Tier-1,Mid,9,Hybrid,2,3.53,19.81
5,Masters,Data Analyst,Tier-1,Mid,3,Onsite,3,4.97,14.33
1,Masters,ML Engineer,Tier-1,Mid,5,Onsite,3,3.27,13.7
2,Bachelors,Frontend Developer,Tier-2,Startup,11,Remote,3,4.38,10.06
9,Bachelors,Backend Developer,Tier-2,Mid,8,Hybrid,2,2.75,15.56
18,Bachelors,DevOps Engineer,Tier-3,Enterprise,5,Onsite,0,3.84,21.58
2,Diploma,Data Analyst,Tier-2,Mid,13,Onsite,0,1.63,7.02
9,Bachelors,Data Analyst,Tier-3,Mid,3,Onsite,0,2.6,10.35
14,Bachelors,Backend Developer,Tier-1,Mid,5,Hybrid,3,3.87,19.85
4,Bachelors,Data Scientist,Tier-3,Startup,8,Hybrid,5,2.45,12.71
15,Masters,Backend Developer,Tier-2,Mid,2,Onsite,5,3.84,19.64
6,Diploma,DevOps Engineer,Tier-1,Mid,7,Hybrid,1,4.23,12.98
16,Bachelors,ML Engineer,Tier-2,Startup,14,Hybrid,0,3.1,22.21
12,Bachelors,Backend Developer,Tier-1,Startup,15,Hybrid,3,2.72,19.55
11,Masters,Frontend Developer,Tier-1,Enterprise,14,Onsite,0,3.12,17.32
3,Bachelors,Data Analyst,Tier-1,Mid,6,Onsite,3,2.73,8.67
9,Bachelors,DevOps Engineer,Tier-1,Mid,2,Onsite,2,3.42,16.46
17,Bachelors,Data Scientist,Tier-1,Mid,13,Onsite,5,3.58,22.3
0,Bachelors,Frontend Developer,Tier-2,Mid,7,Onsite,3,3.26,8.81
15,Bachelors,Backend Developer,Tier-2,Mid,12,Onsite,4,4.84,21.13
10,Masters,Data Analyst,Tier-1,Startup,3,Onsite,2,2.92,12.88
15,Bachelors,Frontend Developer,Tier-1,Mid,11,Hybrid,5,4.61,19.38
13,Masters,Data Scientist,Tier-1,Mid,10,Onsite,3,2.67,20.08
9,PhD,Backend Developer,Tier-1,Startup,14,Hybrid,3,3.56,18.71
6,Bachelors,DevOps Engineer,Tier-2,Mid,3,Onsite,2,4.45,13.99
13,Bachelors,DevOps Engineer,Tier-1,Startup,7,Hybrid,2,4.41,17.98
2,Diploma,DevOps Engineer,Tier-2,Mid,15,Onsite,5,3.16,11.94
12,Masters,ML Engineer,Tier-2,Mid,7,Hybrid,2,3.94,20.06
1,Bachelors,Backend Developer,Tier-2,Mid,11,Hybrid,0,3.84,11.3
13,Bachelors,Data Scientist,Tier-2,Mid,4,Onsite,2,3.07,15.16
13,Diploma,DevOps Engineer,Tier-1,Enterprise,12,Hybrid,2,3.99,18.73
1,Masters,ML Engineer,Tier-2,Mid,5,Onsite,2,4.99,13.63
15,Bachelors,Frontend Developer,Tier-2,Mid,10,Hybrid,0,3.88,17.8
8,Bachelors,ML Engineer,Tier-2,Mid,14,Onsite,0,3.95,16.93
16,Bachelors,Frontend Developer,Tier-2,Startup,11,Onsite,1,4.04,17.24
0,Masters,Data Scientist,Tier-2,Startup,8,Onsite,2,2.33,10.01
3,Bachelors,Frontend Developer,Tier-3,Mid,4,Remote,0,3.87,10.6
10,Bachelors,Data Analyst,Tier-1,Startup,6,Onsite,2,2.69,13.49
3,Masters,Data Analyst,Tier-2,Mid,13,Hybrid,1,3.03,8.27
6,Masters,ML Engineer,Tier-2,Mid,5,Onsite,0,5.0,16.11
13,Bachelors,ML Engineer,Tier-1,Mid,11,Onsite,1,3.3,22.27
3,Bachelors,Frontend Developer,Tier-3,Startup,8,Onsite,1,2.91,6.81
14,Masters,ML Engineer,Tier-1,Enterprise,6,Remote,0,4.42,22.85
2,Masters,Data Analyst,Tier-2,Mid,12,Hybrid,4,2.74,9.72
3,Bachelors,Data Scientist,Tier-1,Mid,7,Onsite,0,3.14,12.32
12,Bachelors,ML Engineer,Tier-1,Startup,6,Hybrid,3,4.5,19.9
16,Masters,Backend Developer,Tier-2,Mid,9,Onsite,3,3.53,21.16
3,Masters,Backend Developer,Tier-1,Startup,12,Onsite,4,2.25,13.51
6,Masters,Data Scientist,Tier-1,Mid,14,Hybrid,3,3.94,19.28
19,Bachelors,Backend Developer,Tier-1,Startup,10,Onsite,3,3.18,21.37
20,Bachelors,Backend Developer,Tier-1,Enterprise,11,Onsite,4,4.73,24.57
12,Masters,Frontend Developer,Tier-2,Startup,13,Hybrid,5,3.02,16.2
9,Masters,Backend Developer,Tier-2,Mid,5,Onsite,1,4.34,13.27
7,Masters,Frontend Developer,Tier-1,Startup,5,Remote,4,4.92,16.27
12,Diploma,Data Scientist,Tier-2,Mid,8,Hybrid,2,2.82,17.58
12,Bachelors,Frontend Developer,Tier-1,Mid,10,Remote,0,3.35,17.21
6,Masters,Data Analyst,Tier-2,Mid,11,Hybrid,3,3.81,13.55
0,Diploma,Data Analyst,Tier-1,Startup,4,Remote,5,2.81,7.39
3,PhD,DevOps Engineer,Tier-1,Startup,12,Onsite,0,3.72,15.95
20,Bachelors,ML Engineer,Tier-1,Startup,7,Hybrid,0,3.32,23.62
8,Masters,Backend Developer,Tier-2,Enterprise,14,Hybrid,5,3.3,20.02
10,Masters,Backend Developer,Tier-1,Mid,12,Remote,3,3.54,20.61
9,Bachelors,Frontend Developer,Tier-1,Startup,15,Onsite,1,3.56,16.76
16,Bachelors,Data Scientist,Tier-2,Enterprise,10,Hybrid,4,3.63,20.84
1,Bachelors,Data Scientist,Tier-2,Startup,9,Hybrid,2,3.02,10.38
1,Bachelors,Data Analyst,Tier-1,Mid,4,Onsite,1,3.06,7.34
5,Bachelors,DevOps Engineer,Tier-2,Mid,7,Remote,1,3.41,11.34
10,Bachelors,Data Scientist,Tier-2,Enterprise,14,Onsite,3,3.46,16.35
14,Masters,Backend Developer,Tier-1,Mid,7,Onsite,0,3.15,18.8
10,Bachelors,ML Engineer,Tier-2,Mid,2,Hybrid,2,3.76,15.48
9,Bachelors,Data Analyst,Tier-1,Enterprise,5,Onsite,1,2.05,10.69
19,Bachelors,ML Engineer,Tier-2,Startup,10,Onsite,0,2.92,20.4
3,Bachelors,Data Analyst,Tier-1,Enterprise,10,Onsite,4,3.28,11.53
12,Bachelors,Data Scientist,Tier-2,Enterprise,15,Onsite,0,2.82,16.24
11,Bachelors,Data Analyst,Tier-1,Enterprise,15,Hybrid,5,4.8,18.51
9,Bachelors,Frontend Developer,Tier-1,Startup,9,Remote,0,3.52,14.32
16,Bachelors,Backend Developer,Tier-3,Startup,9,Hybrid,2,3.64,16.92
5,Masters,DevOps Engineer,Tier-1,Mid,13,Onsite,0,3.11,17.1
20,Bachelors,ML Engineer,Tier-2,Mid,2,Hybrid,2,3.49,18.81
6,Diploma,Data Scientist,Tier-3,Mid,10,Remote,3,2.53,9.14
11,Masters,Backend Developer,Tier-2,Enterprise,8,Hybrid,0,3.36,16.98
10,Masters,DevOps Engineer,Tier-1,Mid,12,Onsite,3,2.75,19.1
17,Bachelors,Backend Developer,Tier-2,Startup,13,Onsite,4,3.28,20.27
9,Bachelors,Data Analyst,Tier-1,Mid,11,Remote,2,1.45,12.34
5,Bachelors,Data Scientist,Tier-1,Startup,11,Remote,0,2.6,12.37
0,Bachelors,DevOps Engineer,Tier-2,Startup,11,Onsite,4,4.67,12.27
7,Bachelors,Backend Developer,Tier-2,Startup,10,Remote,1,4.16,13.54
17,Bachelors,DevOps Engineer,Tier-1,Enterprise,5,Onsite,0,4.56,24.08
0,Diploma,Backend Developer,Tier-1,Mid,5,Onsite,2,4.61,10.16
18,Bachelors,Data Analyst,Tier-2,Mid,12,Hybrid,1,4.04,18.47
11,Masters,DevOps Engineer,Tier-2,Mid,10,Hybrid,0,3.14,20.36
2,Bachelors,Frontend Developer,Tier-1,Mid,5,Onsite,4,2.67,10.14
6,Bachelors,Frontend Developer,Tier-2,Enterprise,14,Remote,3,4.42,15.62
11,Bachelors,DevOps Engineer,Tier-1,Enterprise,15,Remote,5,3.55,22.12
6,Bachelors,Data Scientist,Tier-1,Mid,10,Onsite,2,5.0,17.45
2,Bachelors,DevOps Engineer,Tier-2,Enterprise,5,Hybrid,2,3.21,12.22
13,Masters,Data Scientist,Tier-3,Mid,15,Hybrid,5,5.0,21.17
14,Masters,DevOps Engineer,Tier-1,Mid,5,Hybrid,0,3.37,19.97
2,Masters,Data Scientist,Tier-1,Enterprise,8,Remote,2,4.57,15.23
5,PhD,Backend Developer,Tier-1,Mid,14,Hybrid,4,4.86,19.4
5,PhD,Frontend Developer,Tier-2,Mid,9,Onsite,1,2.68,14.86
13,Masters,Data Analyst,Tier-1,Startup,5,Onsite,5,3.11,17.94
15,Diploma,Data Analyst,Tier-1,Mid,3,Remote,1,2.67,15.39
15,Bachelors,DevOps Engineer,Tier-3,Mid,7,Remote,2,2.52,18.25
19,Bachelors,Data Analyst,Tier-1,Mid,11,Onsite,5,4.03,20.24
16,Bachelors,Backend Developer,Tier-2,Mid,12,Onsite,1,3.34,18.38
6,Diploma,DevOps Engineer,Tier-1,Startup,5,Hybrid,5,3.54,15.42
2,Masters,Backend Developer,Tier-2,Enterprise,4,Onsite,0,3.94,13.5
12,Bachelors,ML Engineer,Tier-1,Startup,11,Onsite,1,2.01,16.79
19,Bachelors,ML Engineer,Tier-1,Enterprise,4,Remote,3,4.53,24.13
20,Bachelors,Backend Developer,Tier-1,Startup,2,Remote,3,3.22,23.55
4,Bachelors,Backend Developer,Tier-2,Mid,8,Remote,5,3.93,13.29
4,Bachelors,Backend Developer,Tier-2,Mid,9,Hybrid,5,4.0,15.44
0,Masters,Data Analyst,Tier-1,Enterprise,5,Onsite,4,4.6,11.55
2,Bachelors,Backend Developer,Tier-1,Startup,4,Remote,3,3.42,11.86
11,Masters,Frontend Developer,Tier-2,Enterprise,5,Onsite,1,1.8,13.51
11,Bachelors,Frontend Developer,Tier-1,Mid,6,Onsite,4,3.55,17.42
7,Bachelors,Data Analyst,Tier-1,Mid,2,Remote,3,3.66,14.13
6,Bachelors,Frontend Developer,Tier-2,Mid,2,Hybrid,0,2.67,8.41
17,Masters,Frontend Developer,Tier-1,Startup,7,Remote,4,3.62,20.2
9,Masters,Data Scientist,Tier-1,Mid,2,Onsite,2,3.21,17.32
16,Bachelors,DevOps Engineer,Tier-1,Startup,6,Remote,2,2.43,19.28
20,Masters,Backend Developer,Tier-1,Startup,10,Hybrid,2,4.04,23.03
6,Bachelors,ML Engineer,Tier-1,Mid,2,Hybrid,4,3.05,16.21
4,Masters,Frontend Developer,Tier-2,Mid,10,Remote,1,3.17,13.01
20,Bachelors,Backend Developer,Tier-2,Startup,10,Onsite,2,3.13,19.72
13,Bachelors,Backend Developer,Tier-1,Startup,10,Hybrid,0,4.49,19.01
6,Masters,Data Scientist,Tier-2,Startup,10,Hybrid,2,3.47,13.01
13,Bachelors,DevOps Engineer,Tier-1,Startup,13,Hybrid,0,3.56,18.34
10,Bachelors,DevOps Engineer,Tier-2,Mid,2,Remote,3,3.15,15.34
19,Bachelors,Data Analyst,Tier-1,Startup,4,Hybrid,5,3.87,19.81
5,Bachelors,Frontend Developer,Tier-2,Enterprise,6,Onsite,2,4.58,11.42
20,Masters,Data Analyst,Tier-1,Startup,11,Onsite,5,4.02,21.37
19,Masters,ML Engineer,Tier-1,Startup,14,Remote,5,4.05,25.08
3,Masters,DevOps Engineer,Tier-1,Enterprise,14,Remote,0,3.98,17.71
3,Bachelors,Data Scientist,Tier-1,Startup,10,Remote,3,2.4,10.4
11,Bachelors,ML Engineer,Tier-1,Mid,7,Onsite,3,2.8,16.84
0,Bachelors,Data Scientist,Tier-2,Enterprise,7,Onsite,2,3.34,8.34
6,Bachelors,Frontend Developer,Tier-2,Enterprise,2,Hybrid,4,2.92,12.04
9,Bachelors,ML Engineer,Tier-1,Mid,8,Hybrid,2,2.65,14.7
20,Masters,Backend Developer,Tier-2,Startup,9,Onsite,0,2.0,19.53
20,Masters,DevOps Engineer,Tier-2,Mid,4,Hybrid,3,2.42,23.33
3,Masters,Backend Developer,Tier-2,Enterprise,12,Onsite,1,3.29,15.38
18,Bachelors,Frontend Developer,Tier-2,Enterprise,13,Onsite,2,3.44,17.8
1,Bachelors,Data Analyst,Tier-2,Startup,6,Onsite,3,2.87,7.56
15,Bachelors,Data Scientist,Tier-1,Mid,14,Onsite,4,3.56,20.26
17,Bachelors,DevOps Engineer,Tier-2,Startup,3,Onsite,1,3.15,16.64
18,Bachelors,DevOps Engineer,Tier-3,Startup,14,Remote,2,4.37,21.29
4,Bachelors,Backend Developer,Tier-1,Mid,12,Hybrid,0,3.37,14.96
18,Bachelors,ML Engineer,Tier-1,Startup,5,Remote,2,4.06,23.02
2,Masters,Data Scientist,Tier-1,Startup,11,Onsite,3,3.66,13.39
10,Bachelors,DevOps Engineer,Tier-3,Startup,6,Onsite,3,2.38,14.61
9,Masters,Frontend Developer,Tier-1,Mid,13,Onsite,1,3.43,13.73
6,Bachelors,Data Scientist,Tier-2,Startup,4,Hybrid,0,2.51,10.12
0,Bachelors,Backend Developer,Tier-2,Mid,5,Onsite,3,3.41,8.2
16,Bachelors,Backend Developer,Tier-3,Startup,6,Hybrid,3,2.9,16.8
7,Bachelors,ML Engineer,Tier-1,Enterprise,4,Remote,0,3.81,16.46
13,Diploma,DevOps Engineer,Tier-2,Startup,6,Remote,3,2.43,15.3
8,Bachelors,Data Analyst,Tier-2,Mid,10,Onsite,0,3.51,11.62
7,Masters,Data Scientist,Tier-1,Startup,10,Hybrid,2,3.96,16.98
18,Bachelors,Data Analyst,Tier-2,Startup,9,Onsite,3,4.23,18.97
1,Bachelors,Frontend Developer,Tier-1,Startup,4,Onsite,4,2.89,9.74
15,Bachelors,Backend Developer,Tier-2,Startup,4,Hybrid,4,3.51,17.06
15,Bachelors,DevOps Engineer,Tier-1,Startup,14,Hybrid,4,3.65,22.25
7,Bachelors,Backend Developer,Tier-1,Mid,5,Hybrid,1,4.74,16.35
5,Bachelors,Data Analyst,Tier-1,Mid,3,Onsite,5,2.31,9.93
0,PhD,ML Engineer,Tier-1,Startup,8,Remote,2,2.77,14.37
19,Masters,Data Analyst,Tier-1,Mid,2,Remote,2,5.0,22.13
19,Masters,Frontend Developer,Tier-2,Mid,6,Onsite,4,3.28,18.46
5,Bachelors,Frontend Developer,Tier-1,Startup,13,Remote,1,1.99,14.27
0,Bachelors,DevOps Engineer,Tier-1,Mid,5,Onsite,0,3.03,8.99
2,Masters,ML Engineer,Tier-2,Startup,11,Hybrid,4,1.28,11.65
1,Bachelors,Data Scientist,Tier-2,Startup,8,Remote,3,3.69,9.82
17,Diploma,Data Analyst,Tier-1,Mid,6,Remote,3,4.15,21.11
18,Bachelors,ML Engineer,Tier-3,Enterprise,11,Remote,0,2.77,20.18
3,Masters,ML Engineer,Tier-1,Enterprise,10,Onsite,3,3.12,16.18
15,Bachelors,Frontend Developer,Tier-2,Enterprise,6,Remote,1,4.24,17.36
3,Masters,Frontend Developer,Tier-1,Mid,5,Hybrid,3,2.1,11.22
7,Masters,Data Analyst,Tier-2,Startup,14,Onsite,3,2.44,11.81
12,Bachelors,Data Scientist,Tier-3,Startup,4,Onsite,4,3.32,14.97
15,Masters,Backend Developer,Tier-2,Startup,15,Hybrid,5,2.9,15.76
18,Bachelors,ML Engineer,Tier-2,Startup,8,Hybrid,1,3.26,20.29
0,Bachelors,Data Analyst,Tier-2,Startup,15,Hybrid,0,2.49,7.33
4,Diploma,DevOps Engineer,Tier-1,Mid,6,Remote,3,3.67,14.71
5,PhD,Frontend Developer,Tier-2,Startup,9,Hybrid,5,3.38,15.38
6,Bachelors,Backend Developer,Tier-2,Startup,10,Onsite,0,3.94,12.57
20,Diploma,Data Scientist,Tier-3,Mid,6,Onsite,2,3.66,19.97
16,Bachelors,DevOps Engineer,Tier-1,Mid,5,Hybrid,2,3.67,19.27
6,Bachelors,Data Analyst,Tier-1,Enterprise,9,Hybrid,1,2.34,12.83
20,Bachelors,ML Engineer,Tier-2,Startup,11,Hybrid,3,3.89,22.24
10,Bachelors,Frontend Developer,Tier-1,Mid,5,Hybrid,1,3.24,13.23
10,Bachelors,DevOps Engineer,Tier-1,Startup,12,Hybrid,2,3.37,17.68
9,Masters,Data Scientist,Tier-1,Mid,10,Hybrid,5,4.34,21.23
3,Bachelors,Backend Developer,Tier-2,Startup,4,Remote,2,2.92,10.14
19,Masters,Data Scientist,Tier-1,Startup,15,Onsite,0,4.58,26.19
0,Bachelors,Data Analyst,Tier-1,Mid,2,Hybrid,5,4.66,8.99
3,Bachelors,ML Engineer,Tier-1,Startup,11,Hybrid,1,4.1,16.02
4,Bachelors,DevOps Engineer,Tier-2,Startup,8,Onsite,4,2.72,11.4
5,Bachelors,Frontend Developer,Tier-2,Enterprise,11,Hybrid,4,1.75,11.83
2,Masters,ML Engineer,Tier-1,Startup,12,Hybrid,3,4.36,16.53
0,Bachelors,Data Scientist,Tier-1,Mid,11,Hybrid,0,3.59,12.59
14,Bachelors,Data Analyst,Tier-2,Mid,11,Hybrid,5,2.9,16.43
20,Bachelors,Data Scientist,Tier-1,Startup,13,Onsite,4,4.44,23.57
2,Masters,Data Analyst,Tier-2,Mid,11,Onsite,2,2.81,10.31
6,Diploma,Data Scientist,Tier-1,Startup,13,Onsite,5,3.16,16.94
10,Bachelors,Frontend Developer,Tier-3,Mid,7,Onsite,4,3.92,13.26
19,Masters,Data Analyst,Tier-1,Startup,4,Hybrid,4,2.61,16.82
14,Masters,Data Analyst,Tier-2,Startup,5,Remote,1,3.41,15.69
16,PhD,Backend Developer,Tier-1,Startup,10,Hybrid,3,4.37,22.81
12,Bachelors,Data Scientist,Tier-3,Enterprise,9,Onsite,1,3.67,16.62
8,Bachelors,ML Engineer,Tier-3,Mid,3,Onsite,0,4.5,14.83
4,Bachelors,Data Analyst,Tier-2,Enterprise,4,Onsite,2,4.41,9.85
18,Masters,Data Scientist,Tier-1,Mid,15,Hybrid,0,3.51,23.07
16,Bachelors,ML Engineer,Tier-1,Mid,12,Onsite,0,1.63,19.78
0,Masters,Frontend Developer,Tier-2,Mid,12,Hybrid,4,2.62,11.69
15,Bachelors,ML Engineer,Tier-2,Enterprise,4,Hybrid,3,4.11,20.51
1,Bachelors,Backend Developer,Tier-1,Mid,2,Hybrid,2,2.26,8.05
15,Masters,Backend Developer,Tier-1,Mid,6,Onsite,1,3.24,18.0
17,Bachelors,Data Scientist,Tier-1,Mid,13,Onsite,4,3.77,22.72
2,Masters,Data Scientist,Tier-2,Mid,9,Hybrid,3,4.68,12.46
9,Bachelors,ML Engineer,Tier-2,Startup,12,Hybrid,3,3.04,14.41
2,Bachelors,Data Analyst,Tier-2,Mid,8,Onsite,1,2.99,8.71
11,Bachelors,Frontend Developer,Tier-2,Startup,8,Remote,0,3.46,14.9
19,Bachelors,Backend Developer,Tier-1,Enterprise,10,Hybrid,0,3.78,22.08
1,Bachelors,Data Scientist,Tier-1,Mid,15,Onsite,0,3.38,13.11
8,Bachelors,ML Engineer,Tier-1,Enterprise,8,Onsite,5,4.34,19.65
20,Diploma,Data Scientist,Tier-2,Mid,10,Onsite,2,2.86,20.52
6,Bachelors,Backend Developer,Tier-1,Mid,14,Onsite,3,3.6,16.5
2,Bachelors,Frontend Developer,Tier-1,Startup,7,Onsite,5,3.86,8.65
10,Bachelors,Data Analyst,Tier-1,Enterprise,13,Hybrid,5,3.18,16.29
10,Diploma,ML Engineer,Tier-1,Mid,9,Onsite,1,4.17,18.02
13,Bachelors,Data Analyst,Tier-2,Startup,14,Remote,2,3.62,15.46
6,Bachelors,ML Engineer,Tier-1,Startup,8,Remote,2,4.13,16.35
20,Masters,Data Scientist,Tier-1,Startup,10,Onsite,0,3.66,24.11
10,Masters,ML Engineer,Tier-2,Mid,6,Onsite,4,3.8,18.27
6,Bachelors,ML Engineer,Tier-1,Mid,10,Hybrid,3,2.99,17.94
20,Bachelors,Data Scientist,Tier-1,Enterprise,6,Remote,2,3.0,24.22
19,Bachelors,ML Engineer,Tier-1,Mid,10,Remote,3,4.48,24.64
10,Bachelors,Frontend Developer,Tier-2,Mid,13,Onsite,4,4.01,15.68
0,Bachelors,Frontend Developer,Tier-1,Mid,8,Onsite,0,2.68,5.4
12,Bachelors,Data Analyst,Tier-2,Enterprise,8,Onsite,3,3.64,14.69
11,Bachelors,ML Engineer,Tier-3,Enterprise,6,Remote,5,1.6,14.61
3,Masters,DevOps Engineer,Tier-2,Startup,12,Hybrid,4,3.04,14.1
13,Bachelors,Backend Developer,Tier-1,Enterprise,10,Hybrid,3,4.27,20.6
17,Bachelors,Data Scientist,Tier-2,Mid,9,Hybrid,0,3.4,19.95
2,Masters,Backend Developer,Tier-1,Enterprise,2,Onsite,4,3.59,15.21
15,Masters,Data Analyst,Tier-1,Enterprise,3,Hybrid,4,1.09,16.12
2,Bachelors,Data Analyst,Tier-1,Mid,2,Onsite,2,3.19,11.53
15,Bachelors,Backend Developer,Tier-1,Startup,13,Hybrid,3,3.77,20.78
8,Bachelors,Backend Developer,Tier-1,Mid,13,Hybrid,3,3.87,15.49
0,Bachelors,Frontend Developer,Tier-1,Startup,2,Hybrid,0,4.27,8.34
20,PhD,ML Engineer,Tier-1,Mid,2,Onsite,1,3.33,24.43
3,Bachelors,DevOps Engineer,Tier-1,Startup,12,Remote,4,3.37,15.43
12,Bachelors,ML Engineer,Tier-2,Mid,9,Hybrid,5,2.43,16.61
3,Diploma,Frontend Developer,Tier-3,Enterprise,6,Onsite,1,3.34,8.03
19,Bachelors,Data Analyst,Tier-1,Startup,10,Onsite,2,2.49,18.54
15,Masters,Data Analyst,Tier-2,Mid,5,Hybrid,5,2.02,14.95
16,Bachelors,Frontend Developer,Tier-1,Mid,4,Onsite,0,2.63,17.83
9,Bachelors,DevOps Engineer,Tier-1,Mid,7,Onsite,1,4.71,18.44
9,Masters,DevOps Engineer,Tier-1,Startup,14,Onsite,0,3.28,19.49
13,Masters,Data Scientist,Tier-1,Startup,12,Onsite,1,3.68,19.59
16,Bachelors,Data Analyst,Tier-1,Mid,4,Onsite,3,3.09,18.46
17,Bachelors,DevOps Engineer,Tier-1,Mid,9,Hybrid,2,2.07,18.78
0,Bachelors,Backend Developer,Tier-1,Mid,14,Onsite,5,4.25,11.9
13,Bachelors,Data Scientist,Tier-1,Startup,15,Hybrid,5,1.76,17.47
2,Bachelors,Frontend Developer,Tier-1,Mid,12,Onsite,5,3.06,12.24
6,Bachelors,DevOps Engineer,Tier-1,Mid,3,Onsite,4,3.46,16.36
17,Masters,Data Scientist,Tier-1,Startup,5,Onsite,4,3.68,20.96
5,Masters,Frontend Developer,Tier-1,Mid,5,Hybrid,3,2.92,12.37
16,Masters,Frontend Developer,Tier-1,Startup,4,Remote,5,2.03,18.1
9,PhD,Backend Developer,Tier-1,Mid,4,Onsite,0,2.86,17.18
4,Masters,Backend Developer,Tier-1,Enterprise,6,Onsite,4,2.9,14.16
7,Masters,Data Scientist,Tier-1,Mid,9,Onsite,0,2.88,14.94
11,Masters,DevOps Engineer,Tier-3,Mid,7,Onsite,2,4.28,15.84
16,Bachelors,DevOps Engineer,Tier-1,Startup,7,Remote,1,2.53,18.78
12,Bachelors,DevOps Engineer,Tier-1,Startup,5,Onsite,3,3.74,19.62
19,Bachelors,Frontend Developer,Tier-1,Startup,4,Remote,4,3.63,20.52
18,Bachelors,Data Analyst,Tier-3,Mid,15,Hybrid,0,4.27,17.34
15,Bachelors,ML Engineer,Tier-2,Enterprise,10,Hybrid,3,3.39,22.39
12,Bachelors,ML Engineer,Tier-2,Startup,5,Remote,1,4.13,16.62
6,Bachelors,DevOps Engineer,Tier-3,Startup,13,Onsite,0,3.36,14.66
8,Bachelors,Backend Developer,Tier-1,Startup,13,Hybrid,2,3.85,18.15
2,Bachelors,Backend Developer,Tier-3,Mid,15,Onsite,3,2.3,10.36
7,Masters,Data Analyst,Tier-1,Mid,4,Remote,1,1.39,9.2
19,Masters,Frontend Developer,Tier-2,Mid,10,Hybrid,2,3.8,23.33
8,Bachelors,ML Engineer,Tier-1,Enterprise,15,Onsite,5,3.84,20.71
2,Diploma,Data Analyst,Tier-1,Startup,13,Remote,2,3.88,10.43
13,Bachelors,DevOps Engineer,Tier-3,Mid,5,Onsite,5,3.08,17.89
20,Masters,Data Scientist,Tier-1,Mid,14,Onsite,5,4.69,27.36
18,Masters,Data Analyst,Tier-3,Startup,7,Hybrid,2,3.13,18.26
5,Bachelors,Data Analyst,Tier-1,Enterprise,8,Onsite,3,3.84,12.11
9,Masters,ML Engineer,Tier-2,Startup,9,Remote,4,3.98,18.52
11,Bachelors,Data Analyst,Tier-3,Mid,12,Hybrid,2,4.87,13.46
5,Bachelors,DevOps Engineer,Tier-1,Mid,3,Hybrid,2,3.25,14.6
5,PhD,Backend Developer,Tier-3,Enterprise,9,Onsite,1,2.98,14.27
4,Bachelors,Data Scientist,Tier-2,Mid,13,Onsite,0,2.3,11.92
20,Bachelors,Data Analyst,Tier-2,Startup,9,Remote,0,4.74,19.24
15,Bachelors,ML Engineer,Tier-1,Enterprise,5,Onsite,2,3.84,21.23
17,Bachelors,Data Analyst,Tier-1,Mid,2,Hybrid,4,3.86,17.23
17,Masters,DevOps Engineer,Tier-2,Mid,9,Onsite,1,5.0,23.26
20,PhD,Data Scientist,Tier-1,Mid,11,Onsite,1,3.76,27.32
2,Diploma,ML Engineer,Tier-1,Startup,9,Hybrid,1,2.46,10.56
18,Bachelors,Data Analyst,Tier-1,Mid,15,Hybrid,3,3.34,21.11
1,Masters,Data Analyst,Tier-2,Enterprise,10,Hybrid,1,2.72,9.45
9,Bachelors,Data Scientist,Tier-1,Startup,9,Remote,1,3.18,16.09
12,Masters,Data Analyst,Tier-2,Mid,2,Onsite,0,3.18,11.13
7,Bachelors,Frontend Developer,Tier-3,Enterprise,9,Onsite,1,3.03,10.22
3,Bachelors,DevOps Engineer,Tier-1,Mid,4,Onsite,1,2.39,10.8
4,Masters,DevOps Engineer,Tier-1,Enterprise,12,Hybrid,4,4.77,16.34
17,Bachelors,Data Scientist,Tier-2,Mid,4,Onsite,5,3.74,21.34
6,Bachelors,Frontend Developer,Tier-1,Enterprise,14,Hybrid,2,3.32,15.5
6,Bachelors,Backend Developer,Tier-2,Startup,6,Onsite,0,4.11,12.18
19,Bachelors,Data Analyst,Tier-2,Mid,8,Remote,0,3.88,15.5
3,Bachelors,Data Analyst,Tier-2,Mid,4,Remote,1,3.72,6.53
19,Bachelors,Backend Developer,Tier-1,Mid,4,Remote,2,4.05,21.56
19,PhD,ML Engineer,Tier-2,Enterprise,14,Onsite,3,3.61,29.4
12,PhD,Data Analyst,Tier-2,Mid,5,Remote,1,4.04,14.87
3,Bachelors,DevOps Engineer,Tier-1,Mid,9,Onsite,2,4.1,15.47
3,Diploma,Frontend Developer,Tier-2,Mid,15,Onsite,1,3.63,9.94
5,Masters,Backend Developer,Tier-2,Mid,10,Onsite,3,3.32,13.8
12,PhD,DevOps Engineer,Tier-2,Mid,2,Onsite,4,4.72,21.76
3,Bachelors,DevOps Engineer,Tier-1,Startup,7,Hybrid,0,3.12,12.02
9,Bachelors,DevOps Engineer,Tier-1,Mid,7,Onsite,2,3.81,16.28
2,Bachelors,Data Scientist,Tier-1,Enterprise,5,Onsite,3,3.83,15.21
11,Diploma,DevOps Engineer,Tier-1,Mid,5,Hybrid,4,3.01,16.68
0,Bachelors,Backend Developer,Tier-1,Mid,9,Remote,3,2.85,12.5
14,Bachelors,Frontend Developer,Tier-3,Mid,7,Hybrid,3,3.22,14.57
1,Masters,DevOps Engineer,Tier-1,Mid,6,Hybrid,4,3.11,15.33
4,Masters,Data Analyst,Tier-2,Startup,7,Onsite,2,2.33,9.27
3,Masters,ML Engineer,Tier-1,Mid,6,Remote,3,2.98,15.63
17,Bachelors,Data Analyst,Tier-1,Mid,5,Onsite,1,3.71,17.97
1,Bachelors,Data Scientist,Tier-1,Startup,8,Onsite,2,4.51,12.06
9,Masters,ML Engineer,Tier-1,Startup,15,Onsite,0,3.94,19.41
12,Masters,DevOps Engineer,Tier-2,Mid,9,Hybrid,2,1.42,16.18
10,Bachelors,DevOps Engineer,Tier-3,Mid,10,Onsite,0,4.01,16.73
14,Masters,ML Engineer,Tier-2,Mid,15,Hybrid,1,3.05,20.44
16,Bachelors,Data Scientist,Tier-1,Startup,10,Onsite,2,3.86,18.9
8,Masters,Backend Developer,Tier-2,Mid,5,Onsite,3,3.49,12.62
17,Diploma,DevOps Engineer,Tier-1,Mid,7,Onsite,5,3.35,18.64
6,Bachelors,DevOps Engineer,Tier-3,Mid,8,Onsite,0,3.42,13.23
20,Bachelors,Data Scientist,Tier-1,Mid,8,Onsite,5,3.48,21.91
10,Diploma,Data Scientist,Tier-1,Startup,4,Hybrid,1,4.58,16.19
15,Diploma,Frontend Developer,Tier-1,Enterprise,3,Hybrid,4,3.48,17.92
18,Diploma,Data Scientist,Tier-1,Startup,6,Onsite,4,4.37,20.96
16,Bachelors,Data Scientist,Tier-1,Mid,14,Hybrid,5,4.25,23.51
17,Masters,Data Analyst,Tier-3,Startup,12,Onsite,0,4.03,17.42
11,Diploma,ML Engineer,Tier-2,Mid,13,Onsite,5,2.07,13.02
0,Bachelors,ML Engineer,Tier-3,Startup,4,Onsite,0,4.39,9.06
10,Masters,Backend Developer,Tier-1,Enterprise,7,Onsite,5,3.13,19.18
3,Bachelors,Data Scientist,Tier-2,Mid,10,Onsite,3,4.07,14.8
18,Bachelors,Frontend Developer,Tier-1,Mid,8,Hybrid,2,2.72,21.4
4,Masters,Frontend Developer,Tier-1,Startup,7,Onsite,2,2.55,10.1
4,Masters,ML Engineer,Tier-1,Startup,7,Hybrid,0,5.0,15.87
5,Bachelors,Data Scientist,Tier-1,Mid,2,Onsite,4,2.73,11.16
13,Masters,Backend Developer,Tier-2,Mid,14,Hybrid,4,4.42,22.03
11,Diploma,Frontend Developer,Tier-1,Mid,15,Hybrid,5,3.59,18.72
19,Bachelors,ML Engineer,Tier-1,Enterprise,3,Onsite,4,3.16,23.69
8,Masters,Data Scientist,Tier-2,Mid,7,Onsite,5,3.46,16.25
5,Bachelors,Backend Developer,Tier-1,Enterprise,9,Hybrid,5,2.46,16.36
1,Masters,ML Engineer,Tier-3,Startup,12,Remote,2,3.49,13.99
0,Bachelors,ML Engineer,Tier-1,Mid,15,Remote,4,2.63,15.21
7,Masters,ML Engineer,Tier-2,Mid,7,Onsite,1,3.18,15.94
19,Bachelors,Data Scientist,Tier-2,Mid,12,Hybrid,4,4.24,22.1
10,Bachelors,Frontend Developer,Tier-2,Enterprise,15,Onsite,3,3.7,17.33
18,Bachelors,ML Engineer,Tier-2,Mid,13,Onsite,2,2.31,21.77
2,Bachelors,ML Engineer,Tier-2,Enterprise,6,Hybrid,3,4.18,13.51
1,Masters,Backend Developer,Tier-2,Mid,13,Hybrid,1,3.49,11.43
17,Bachelors,ML Engineer,Tier-1,Startup,7,Hybrid,3,3.07,22.67
2,Diploma,Data Analyst,Tier-1,Mid,2,Remote,2,4.1,11.22
1,Bachelors,DevOps Engineer,Tier-2,Mid,12,Onsite,1,3.37,10.56
8,Bachelors,Data Analyst,Tier-1,Enterprise,13,Hybrid,5,2.57,14.61
19,Masters,Backend Developer,Tier-1,Enterprise,6,Onsite,0,4.98,24.27
14,Bachelors,Data Scientist,Tier-1,Startup,8,Onsite,4,3.49,19.98
2,PhD,Data Scientist,Tier-1,Startup,7,Onsite,1,3.43,13.52
17,Bachelors,Data Analyst,Tier-1,Startup,3,Remote,1,3.18,19.28
17,Bachelors,DevOps Engineer,Tier-2,Mid,15,Onsite,0,4.44,22.03
16,Bachelors,ML Engineer,Tier-2,Startup,2,Onsite,0,3.08,18.14
18,Bachelors,ML Engineer,Tier-2,Mid,9,Hybrid,0,2.26,21.76
5,Masters,Frontend Developer,Tier-1,Mid,2,Remote,4,2.96,12.31
20,PhD,Data Analyst,Tier-1,Enterprise,11,Remote,5,4.56,24.78
6,Masters,Backend Developer,Tier-2,Startup,14,Hybrid,3,4.17,14.01
16,Bachelors,ML Engineer,Tier-1,Mid,11,Onsite,0,3.3,21.01
12,Bachelors,Backend Developer,Tier-2,Startup,10,Hybrid,5,4.6,16.27
16,Bachelors,Data Analyst,Tier-1,Enterprise,13,Remote,3,4.1,21.27
13,Bachelors,DevOps Engineer,Tier-3,Startup,15,Remote,3,3.29,18.64
13,Masters,Data Scientist,Tier-1,Startup,14,Remote,5,3.37,21.02
12,Bachelors,Frontend Developer,Tier-2,Startup,5,Onsite,2,3.76,14.46
16,Bachelors,Frontend Developer,Tier-2,Enterprise,9,Onsite,2,2.83,18.51
15,Masters,ML Engineer,Tier-1,Startup,13,Hybrid,4,3.5,21.71
2,Masters,Data Analyst,Tier-2,Mid,6,Onsite,3,3.75,9.69
17,Diploma,Data Scientist,Tier-1,Mid,11,Onsite,4,2.15,20.52
11,Diploma,Frontend Developer,Tier-2,Mid,2,Onsite,4,3.35,10.93
6,Bachelors,DevOps Engineer,Tier-2,Startup,14,Hybrid,5,3.26,16.04
10,Bachelors,DevOps Engineer,Tier-1,Startup,10,Remote,1,4.32,16.31
20,Bachelors,Data Scientist,Tier-1,Mid,12,Hybrid,0,2.02,21.43
18,Bachelors,Backend Developer,Tier-2,Startup,13,Remote,2,3.19,18.64
17,Masters,Data Analyst,Tier-1,Mid,5,Hybrid,3,3.11,20.29
9,Masters,Frontend Developer,Tier-2,Mid,8,Hybrid,4,4.27,14.26
16,Bachelors,ML Engineer,Tier-2,Mid,14,Onsite,1,3.47,18.68
8,Bachelors,Frontend Developer,Tier-2,Startup,4,Hybrid,4,4.94,14.04
14,Bachelors,Frontend Developer,Tier-1,Mid,13,Onsite,4,4.03,19.14
13,Bachelors,DevOps Engineer,Tier-2,Startup,6,Onsite,4,3.17,15.37
5,Bachelors,ML Engineer,Tier-3,Mid,10,Onsite,4,3.69,14.67
5,Bachelors,ML Engineer,Tier-1,Startup,9,Remote,5,3.22,13.48
1,Bachelors,Backend Developer,Tier-1,Enterprise,11,Hybrid,3,4.19,12.68
2,Diploma,Data Analyst,Tier-1,Mid,13,Remote,2,2.43,9.02
9,Diploma,Data Analyst,Tier-1,Startup,6,Remote,2,2.84,13.43
10,Bachelors,Backend Developer,Tier-2,Startup,4,Remote,4,3.86,16.68
3,Masters,Frontend Developer,Tier-1,Startup,7,Onsite,1,4.48,13.99
8,Bachelors,Backend Developer,Tier-2,Startup,10,Remote,3,1.74,12.76
12,Bachelors,Frontend Developer,Tier-1,Startup,12,Remote,3,4.6,15.71
4,Masters,Data Scientist,Tier-1,Enterprise,12,Remote,3,3.39,17.39
7,Bachelors,ML Engineer,Tier-1,Mid,6,Onsite,2,1.99,16.46
7,Bachelors,Backend Developer,Tier-2,Startup,15,Onsite,4,1.1,14.16
10,Masters,ML Engineer,Tier-2,Mid,3,Remote,0,2.28,16.09
7,Diploma,Data Analyst,Tier-1,Startup,3,Onsite,4,3.48,10.2
15,Bachelors,Data Analyst,Tier-2,Enterprise,2,Onsite,4,3.45,15.09
6,Bachelors,DevOps Engineer,Tier-1,Startup,14,Onsite,5,4.01,19.59
9,Bachelors,Backend Developer,Tier-1,Mid,4,Onsite,5,3.06,13.94
7,Bachelors,Data Scientist,Tier-1,Mid,10,Onsite,2,2.61,13.59
3,Bachelors,Data Scientist,Tier-3,Startup,13,Remote,0,3.17,12.07
14,Diploma,Data Analyst,Tier-2,Startup,12,Remote,3,3.53,15.15
4,Bachelors,DevOps Engineer,Tier-2,Mid,15,Remote,0,3.68,12.55
6,Bachelors,Data Analyst,Tier-1,Enterprise,2,Onsite,1,2.87,12.84
16,Bachelors,Frontend Developer,Tier-1,Mid,7,Onsite,4,4.22,20.38
19,Bachelors,Data Scientist,Tier-2,Mid,9,Onsite,3,3.0,20.03
14,Masters,ML Engineer,Tier-1,Mid,11,Onsite,3,2.8,20.25
19,Bachelors,Data Scientist,Tier-3,Enterprise,10,Onsite,4,3.07,23.48
17,Bachelors,Frontend Developer,Tier-2,Mid,9,Hybrid,0,4.36,18.45
10,Diploma,Data Analyst,Tier-1,Mid,6,Remote,4,3.39,15.89
16,Bachelors,ML Engineer,Tier-2,Mid,3,Hybrid,3,2.94,19.9
6,Bachelors,Data Scientist,Tier-3,Startup,8,Onsite,2,4.24,12.25
9,Bachelors,Data Scientist,Tier-1,Enterprise,5,Onsite,2,5.0,17.54
11,Bachelors,Data Scientist,Tier-2,Startup,9,Onsite,3,3.67,18.08
20,Masters,DevOps Engineer,Tier-3,Startup,13,Onsite,3,4.49,25.25
17,Masters,ML Engineer,Tier-1,Enterprise,9,Hybrid,2,4.33,23.01
10,Diploma,ML Engineer,Tier-2,Startup,10,Onsite,1,3.02,15.35
13,Bachelors,ML Engineer,Tier-1,Startup,2,Hybrid,1,3.52,17.97
4,Bachelors,DevOps Engineer,Tier-2,Startup,11,Remote,2,2.47,11.04
16,Bachelors,ML Engineer,Tier-2,Mid,8,Onsite,1,3.34,19.78
11,Bachelors,ML Engineer,Tier-2,Enterprise,3,Onsite,3,3.0,15.35
11,Masters,Data Scientist,Tier-1,Startup,4,Onsite,5,3.18,17.44
16,Masters,Data Scientist,Tier-2,Startup,12,Onsite,0,2.9,18.23
13,Masters,Data Analyst,Tier-1,Mid,14,Hybrid,1,3.27,17.03
1,Bachelors,Backend Developer,Tier-1,Enterprise,9,Remote,0,3.93,12.65
6,PhD,Data Analyst,Tier-1,Startup,15,Remote,5,3.4,14.62
3,Diploma,Data Scientist,Tier-2,Enterprise,4,Hybrid,4,2.01,11.82
15,Bachelors,Data Scientist,Tier-1,Enterprise,6,Onsite,1,2.9,20.09
0,Bachelors,Data Scientist,Tier-1,Startup,15,Onsite,2,2.28,13.53
4,Masters,Frontend Developer,Tier-2,Enterprise,4,Onsite,4,3.7,12.11
12,Bachelors,Backend Developer,Tier-1,Mid,11,Onsite,5,3.9,18.65
14,Masters,DevOps Engineer,Tier-1,Mid,5,Remote,3,3.71,23.17
10,Bachelors,ML Engineer,Tier-1,Mid,6,Onsite,1,2.87,16.19
18,PhD,DevOps Engineer,Tier-1,Enterprise,8,Onsite,4,3.7,26.26
19,Bachelors,Data Analyst,Tier-2,Mid,7,Onsite,4,3.12,18.86
2,Bachelors,Backend Developer,Tier-1,Mid,14,Onsite,3,2.59,11.19
20,PhD,Frontend Developer,Tier-1,Enterprise,15,Remote,0,4.09,26.3
12,Bachelors,Backend Developer,Tier-3,Mid,9,Onsite,4,4.15,17.33
13,Bachelors,DevOps Engineer,Tier-2,Enterprise,9,Onsite,0,4.26,20.5
1,Bachelors,Data Scientist,Tier-2,Enterprise,2,Onsite,5,3.01,11.75
13,Bachelors,Data Analyst,Tier-2,Startup,5,Remote,5,4.44,17.38
15,Bachelors,Frontend Developer,Tier-3,Startup,2,Hybrid,3,3.11,14.54
12,Bachelors,Data Analyst,Tier-1,Mid,13,Hybrid,3,4.02,16.37
1,Bachelors,Frontend Developer,Tier-2,Enterprise,5,Onsite,0,3.09,10.89
10,Masters,Frontend Developer,Tier-2,Startup,6,Onsite,5,3.32,12.97
19,Bachelors,DevOps Engineer,Tier-1,Mid,13,Remote,1,1.56,19.98
15,Bachelors,ML Engineer,Tier-1,Startup,11,Onsite,1,3.26,21.16
2,Bachelors,DevOps Engineer,Tier-1,Mid,10,Onsite,4,3.57,16.04
20,Bachelors,Data Scientist,Tier-2,Mid,2,Hybrid,5,3.17,20.78
20,Bachelors,ML Engineer,Tier-2,Startup,9,Onsite,2,4.9,24.3
3,Masters,Data Analyst,Tier-2,Enterprise,9,Onsite,3,2.57,7.7
16,Masters,Frontend Developer,Tier-1,Startup,6,Remote,3,3.05,18.53
8,Bachelors,Frontend Developer,Tier-1,Enterprise,12,Onsite,1,2.78,12.69
12,Bachelors,Frontend Developer,Tier-1,Startup,15,Onsite,3,3.05,18.43
9,Bachelors,Frontend Developer,Tier-1,Enterprise,5,Onsite,5,4.33,14.77
16,Bachelors,Data Scientist,Tier-3,Mid,6,Hybrid,2,4.68,17.35
20,Bachelors,Data Analyst,Tier-2,Startup,6,Onsite,4,2.94,18.59
16,Bachelors,DevOps Engineer,Tier-3,Startup,13,Onsite,4,2.92,20.34
19,Bachelors,ML Engineer,Tier-2,Startup,3,Hybrid,5,2.57,20.06
19,Bachelors,Data Analyst,Tier-3,Mid,14,Hybrid,4,4.55,20.53
1,Bachelors,DevOps Engineer,Tier-1,Enterprise,12,Remote,5,4.4,16.71
5,Bachelors,DevOps Engineer,Tier-1,Mid,8,Onsite,4,3.42,14.98
15,Diploma,ML Engineer,Tier-1,Mid,10,Onsite,5,2.38,18.4
12,Bachelors,Frontend Developer,Tier-1,Mid,14,Hybrid,4,2.45,18.1
1,Masters,Data Analyst,Tier-1,Mid,12,Hybrid,5,3.64,12.73
1,Bachelors,Data Analyst,Tier-1,Mid,5,Onsite,5,3.94,11.29
10,Bachelors,Data Scientist,Tier-3,Mid,2,Hybrid,5,1.85,13.44
12,Bachelors,Backend Developer,Tier-1,Mid,11,Onsite,3,3.24,16.82
3,Masters,Data Analyst,Tier-3,Enterprise,4,Remote,4,4.79,11.76
3,Bachelors,Data Analyst,Tier-2,Mid,3,Remote,5,3.33,9.18
2,Masters,Frontend Developer,Tier-2,Startup,15,Onsite,2,4.69,11.92
11,Masters,Frontend Developer,Tier-2,Startup,8,Remote,0,4.02,15.01
0,Bachelors,Frontend Developer,Tier-1,Mid,11,Remote,5,2.63,10.02
12,Bachelors,Frontend Developer,Tier-2,Startup,5,Onsite,3,3.27,15.45
9,Diploma,Frontend Developer,Tier-1,Enterprise,3,Onsite,2,3.4,12.05
9,Masters,Backend Developer,Tier-3,Mid,2,Hybrid,4,2.74,12.35
14,Bachelors,Backend Developer,Tier-1,Mid,6,Onsite,0,2.72,16.81
10,Masters,DevOps Engineer,Tier-1,Mid,2,Onsite,2,4.71,20.63
15,Bachelors,ML Engineer,Tier-2,Startup,7,Onsite,1,2.72,19.04
16,Diploma,Data Analyst,Tier-2,Enterprise,6,Remote,1,4.36,14.62
19,Diploma,Frontend Developer,Tier-1,Startup,9,Onsite,5,3.15,21.69
16,Bachelors,Data Scientist,Tier-2,Mid,10,Hybrid,3,3.48,21.19
10,Bachelors,DevOps Engineer,Tier-1,Enterprise,6,Onsite,0,3.95,16.6
10,Diploma,ML Engineer,Tier-2,Mid,8,Onsite,2,3.02,11.9
4,Masters,DevOps Engineer,Tier-1,Enterprise,3,Remote,1,3.95,15.87
12,Masters,Data Analyst,Tier-1,Mid,6,Onsite,5,1.86,16.6
2,Bachelors,Backend Developer,Tier-1,Enterprise,15,Onsite,1,3.85,16.18
19,Bachelors,ML Engineer,Tier-1,Mid,15,Onsite,2,1.53,21.45
17,Diploma,ML Engineer,Tier-1,Mid,8,Hybrid,2,3.32,22.77
2,Masters,Data Scientist,Tier-1,Startup,15,Onsite,1,4.18,12.26
16,Bachelors,DevOps Engineer,Tier-1,Startup,9,Onsite,4,4.0,21.17
2,Masters,ML Engineer,Tier-1,Mid,3,Onsite,3,2.46,12.77
15,Bachelors,DevOps Engineer,Tier-1,Startup,14,Onsite,2,2.56,21.56
1,Bachelors,ML Engineer,Tier-1,Mid,7,Onsite,2,2.95,13.99
10,Bachelors,Data Analyst,Tier-2,Enterprise,10,Hybrid,4,3.65,15.86
13,Bachelors,DevOps Engineer,Tier-3,Enterprise,11,Onsite,0,1.87,14.77
15,Masters,Data Scientist,Tier-1,Startup,6,Onsite,5,3.49,21.87
8,Bachelors,Data Scientist,Tier-3,Enterprise,12,Hybrid,3,3.75,16.43
19,Bachelors,DevOps Engineer,Tier-1,Startup,9,Hybrid,1,3.27,19.98
16,Masters,DevOps Engineer,Tier-1,Mid,7,Onsite,3,3.92,19.95
4,Masters,DevOps Engineer,Tier-2,Enterprise,6,Onsite,5,3.68,16.72
14,Masters,ML Engineer,Tier-2,Startup,12,Onsite,1,3.07,19.36
15,Bachelors,Frontend Developer,Tier-2,Startup,5,Remote,3,1.95,13.59
7,Bachelors,Data Scientist,Tier-1,Startup,3,Onsite,3,3.61,14.26
15,Masters,Frontend Developer,Tier-2,Mid,14,Onsite,4,2.74,18.97
18,Bachelors,Backend Developer,Tier-1,Enterprise,6,Onsite,3,3.04,21.11
17,Bachelors,Data Analyst,Tier-1,Startup,10,Onsite,4,3.88,17.53
16,Masters,ML Engineer,Tier-1,Startup,12,Onsite,4,4.63,26.6
13,Bachelors,ML Engineer,Tier-3,Mid,13,Onsite,5,3.47,20.24
5,Bachelors,Data Scientist,Tier-1,Startup,10,Hybrid,2,3.94,14.44
16,PhD,ML Engineer,Tier-2,Mid,11,Hybrid,4,2.34,22.43
7,Bachelors,Backend Developer,Tier-2,Enterprise,13,Hybrid,1,3.7,15.57
11,Bachelors,Data Analyst,Tier-2,Mid,15,Hybrid,5,3.45,14.34
6,Bachelors,Data Analyst,Tier-2,Enterprise,2,Onsite,5,4.48,12.34
6,Bachelors,Frontend Developer,Tier-2,Mid,12,Remote,1,3.07,10.62
3,Bachelors,ML Engineer,Tier-1,Enterprise,4,Hybrid,3,3.31,14.56
20,Masters,Backend Developer,Tier-1,Startup,14,Remote,4,4.35,23.88
3,Masters,Backend Developer,Tier-2,Startup,2,Hybrid,0,3.43,8.94
1,Bachelors,Backend Developer,Tier-1,Mid,5,Onsite,4,2.61,12.75
19,Bachelors,ML Engineer,Tier-1,Startup,4,Onsite,4,5.0,23.81
11,Masters,ML Engineer,Tier-1,Enterprise,10,Onsite,5,2.64,21.5
9,Diploma,Frontend Developer,Tier-1,Mid,2,Onsite,1,3.45,10.39
15,Bachelors,DevOps Engineer,Tier-1,Enterprise,2,Onsite,4,3.78,20.16
8,Bachelors,Data Scientist,Tier-1,Startup,9,Onsite,4,3.71,17.04
2,Bachelors,Frontend Developer,Tier-3,Mid,15,Onsite,0,3.35,9.72
15,Bachelors,DevOps Engineer,Tier-1,Mid,9,Remote,4,3.35,18.55
3,Bachelors,Data Analyst,Tier-3,Startup,8,Hybrid,3,3.31,8.63
11,Bachelors,Frontend Developer,Tier-3,Mid,11,Hybrid,5,2.61,14.86
19,Bachelors,ML Engineer,Tier-1,Mid,9,Onsite,0,5.0,25.58
19,Diploma,DevOps Engineer,Tier-2,Enterprise,7,Hybrid,5,3.32,20.4
7,Bachelors,Backend Developer,Tier-2,Mid,10,Remote,3,3.98,12.04
16,Bachelors,DevOps Engineer,Tier-2,Startup,2,Hybrid,1,3.23,16.34
12,Bachelors,Data Analyst,Tier-1,Mid,5,Hybrid,2,3.22,13.67
10,Bachelors,Data Analyst,Tier-1,Mid,11,Onsite,4,3.14,16.16
2,Bachelors,DevOps Engineer,Tier-1,Startup,6,Onsite,5,2.26,8.8
7,Bachelors,Backend Developer,Tier-2,Mid,2,Hybrid,1,3.37,11.55
13,Diploma,Backend Developer,Tier-3,Startup,3,Remote,5,3.17,16.21
20,Masters,Data Scientist,Tier-2,Startup,14,Onsite,3,4.44,23.89
0,Bachelors,Data Scientist,Tier-2,Mid,6,Onsite,1,2.54,9.66
15,Masters,Frontend Developer,Tier-3,Startup,2,Onsite,3,3.04,13.3
17,PhD,Data Scientist,Tier-2,Mid,12,Onsite,4,2.78,20.51
19,Diploma,Backend Developer,Tier-1,Startup,9,Remote,0,4.65,22.98
8,Bachelors,Data Scientist,Tier-2,Mid,8,Hybrid,0,2.8,13.58
2,Masters,Data Scientist,Tier-1,Startup,14,Onsite,0,3.95,14.42
5,Bachelors,Data Analyst,Tier-1,Enterprise,6,Onsite,3,4.28,11.6
17,Bachelors,DevOps Engineer,Tier-1,Startup,10,Onsite,0,3.38,20.91
18,Bachelors,DevOps Engineer,Tier-3,Mid,12,Onsite,5,2.4,18.76
13,Diploma,Data Analyst,Tier-1,Startup,10,Hybrid,0,2.41,15.77
2,Bachelors,ML Engineer,Tier-1,Startup,4,Remote,0,4.19,16.21
2,PhD,Backend Developer,Tier-1,Mid,11,Hybrid,1,2.49,14.52
10,Masters,ML Engineer,Tier-1,Enterprise,12,Onsite,4,3.81,21.1
12,Diploma,Frontend Developer,Tier-1,Enterprise,3,Hybrid,5,3.59,13.41
0,Masters,Data Scientist,Tier-2,Startup,4,Hybrid,1,3.8,8.11
14,Bachelors,Data Analyst,Tier-2,Startup,11,Onsite,3,3.88,18.03
11,Masters,ML Engineer,Tier-1,Mid,3,Hybrid,4,2.75,17.62
0,Diploma,Backend Developer,Tier-1,Mid,14,Hybrid,4,2.72,10.64
2,Masters,Data Scientist,Tier-1,Startup,3,Remote,0,4.07,13.49
9,Masters,Frontend Developer,Tier-1,Mid,15,Onsite,5,3.0,19.17
15,Bachelors,Data Analyst,Tier-2,Mid,11,Onsite,5,1.3,14.88
17,Diploma,Data Analyst,Tier-2,Mid,8,Onsite,4,4.02,16.72
9,Masters,Backend Developer,Tier-2,Mid,5,Onsite,3,2.67,14.53
6,Bachelors,Backend Developer,Tier-1,Mid,6,Onsite,2,3.87,13.58
20,Bachelors,Data Scientist,Tier-2,Startup,12,Hybrid,5,4.61,22.61
9,Masters,Data Scientist,Tier-1,Mid,12,Onsite,5,3.51,19.54
6,Bachelors,Data Analyst,Tier-1,Startup,4,Onsite,3,4.3,12.6
9,Bachelors,Backend Developer,Tier-3,Mid,9,Remote,4,3.62,17.34
0,Bachelors,ML Engineer,Tier-2,Mid,15,Hybrid,2,4.77,14.11
6,Diploma,Data Analyst,Tier-3,Mid,5,Onsite,4,2.65,9.96
10,Masters,ML Engineer,Tier-3,Startup,11,Hybrid,0,3.49,15.37
19,Bachelors,DevOps Engineer,Tier-2,Startup,4,Onsite,5,4.04,21.78
15,Bachelors,Data Scientist,Tier-3,Mid,13,Onsite,3,3.35,17.66
16,Bachelors,DevOps Engineer,Tier-1,Mid,4,Hybrid,3,4.42,21.81
11,Masters,Data Scientist,Tier-1,Enterprise,6,Onsite,1,3.15,19.53
2,Diploma,Data Scientist,Tier-1,Mid,8,Onsite,3,5.0,13.27
8,Masters,Data Scientist,Tier-1,Enterprise,7,Onsite,0,5.0,21.53
20,Masters,Data Scientist,Tier-1,Startup,4,Remote,5,3.73,25.43
0,Masters,Data Analyst,Tier-1,Mid,10,Onsite,4,3.94,12.41
18,PhD,Backend Developer,Tier-2,Startup,2,Hybrid,2,4.45,22.11
14,Masters,ML Engineer,Tier-2,Mid,15,Onsite,5,2.55,23.23
5,Masters,Frontend Developer,Tier-2,Startup,2,Hybrid,4,2.45,8.69
16,Bachelors,ML Engineer,Tier-1,Startup,6,Onsite,0,4.51,22.65
17,Masters,ML Engineer,Tier-2,Mid,15,Onsite,0,3.72,21.38
0,Bachelors,ML Engineer,Tier-1,Mid,4,Hybrid,1,3.32,10.87
2,Bachelors,Data Analyst,Tier-1,Startup,3,Hybrid,0,3.51,9.34
13,Masters,Frontend Developer,Tier-1,Startup,12,Onsite,3,1.59,18.45
20,PhD,Data Analyst,Tier-1,Mid,3,Onsite,3,3.35,19.46
0,Masters,Frontend Developer,Tier-1,Startup,14,Onsite,3,2.9,10.74
13,Bachelors,DevOps Engineer,Tier-2,Startup,8,Onsite,0,4.23,17.61
2,Bachelors,Frontend Developer,Tier-2,Mid,14,Hybrid,5,4.3,12.1
13,Bachelors,ML Engineer,Tier-2,Startup,5,Onsite,5,3.96,19.46
13,Bachelors,Data Scientist,Tier-1,Mid,3,Hybrid,3,3.82,22.59
1,Bachelors,DevOps Engineer,Tier-2,Mid,15,Onsite,0,2.3,11.3
14,Diploma,Data Scientist,Tier-2,Startup,12,Onsite,2,3.97,16.68
18,Diploma,ML Engineer,Tier-1,Startup,14,Onsite,4,4.0,21.4
18,Masters,Frontend Developer,Tier-2,Startup,6,Onsite,4,4.5,19.61
0,Bachelors,DevOps Engineer,Tier-1,Startup,7,Onsite,1,5.0,11.48
5,Masters,DevOps Engineer,Tier-1,Startup,10,Remote,4,2.15,15.99
5,Bachelors,Data Analyst,Tier-1,Enterprise,8,Onsite,5,3.19,13.36
9,Diploma,DevOps Engineer,Tier-1,Enterprise,5,Remote,3,2.91,15.55
3,Bachelors,Data Analyst,Tier-1,Mid,7,Onsite,2,3.64,13.04
17,Bachelors,Backend Developer,Tier-1,Mid,10,Onsite,3,3.51,20.15
16,PhD,DevOps Engineer,Tier-1,Mid,2,Onsite,0,3.31,21.59
16,Bachelors,Backend Developer,Tier-3,Enterprise,6,Onsite,3,4.32,19.74
4,Bachelors,DevOps Engineer,Tier-1,Startup,6,Hybrid,0,2.62,13.42
0,Masters,ML Engineer,Tier-1,Startup,2,Remote,0,2.67,12.78
19,PhD,Data Scientist,Tier-1,Startup,3,Hybrid,3,2.68,23.23
6,Bachelors,Data Scientist,Tier-2,Startup,8,Hybrid,3,3.21,14.38
13,Diploma,ML Engineer,Tier-2,Startup,3,Onsite,5,2.52,14.84
19,Bachelors,Frontend Developer,Tier-3,Enterprise,6,Onsite,3,3.46,19.83
0,Diploma,ML Engineer,Tier-1,Enterprise,9,Hybrid,5,3.37,14.19
0,Bachelors,Frontend Developer,Tier-1,Startup,14,Onsite,4,2.87,12.61
0,Bachelors,ML Engineer,Tier-2,Mid,3,Onsite,2,4.2,8.79
3,Masters,Data Scientist,Tier-1,Mid,8,Remote,5,3.45,14.16
1,Bachelors,Data Scientist,Tier-2,Mid,3,Remote,2,4.35,11.74
17,Bachelors,Backend Developer,Tier-2,Mid,8,Hybrid,3,3.34,15.96
12,Bachelors,DevOps Engineer,Tier-1,Startup,8,Onsite,0,3.48,18.36
20,Masters,DevOps Engineer,Tier-3,Enterprise,13,Remote,1,3.05,24.72
16,Bachelors,Data Scientist,Tier-2,Enterprise,8,Onsite,3,3.49,19.25
20,Masters,ML Engineer,Tier-1,Mid,15,Onsite,1,4.07,25.77
5,Masters,Frontend Developer,Tier-1,Mid,3,Onsite,3,3.17,11.4
6,Bachelors,Backend Developer,Tier-1,Mid,2,Remote,0,3.91,12.81
17,Diploma,Data Analyst,Tier-2,Startup,2,Remote,1,2.85,13.82
5,Bachelors,Backend Developer,Tier-1,Startup,6,Hybrid,3,4.11,13.22
1,Bachelors,Data Analyst,Tier-1,Mid,4,Onsite,3,3.04,7.84
14,Masters,Data Analyst,Tier-2,Startup,3,Onsite,5,4.18,15.81
16,Bachelors,Backend Developer,Tier-1,Enterprise,5,Onsite,5,3.55,20.55
20,Masters,Data Analyst,Tier-1,Mid,15,Remote,4,4.72,26.12
19,Bachelors,ML Engineer,Tier-2,Mid,13,Onsite,0,2.58,20.61
2,Bachelors,Backend Developer,Tier-1,Startup,2,Onsite,3,2.32,10.36
16,Bachelors,Backend Developer,Tier-1,Enterprise,14,Hybrid,1,3.01,20.45
17,Bachelors,ML Engineer,Tier-1,Startup,4,Onsite,1,2.39,18.84
14,Bachelors,Data Analyst,Tier-1,Startup,7,Remote,1,2.39,13.34
17,Bachelors,Frontend Developer,Tier-1,Startup,6,Onsite,2,4.0,17.34
17,Bachelors,DevOps Engineer,Tier-2,Mid,7,Remote,0,3.5,18.06
9,Masters,DevOps Engineer,Tier-3,Enterprise,12,Onsite,3,3.12,17.72
0,Bachelors,Frontend Developer,Tier-1,Startup,11,Onsite,0,3.19,10.84
9,Masters,ML Engineer,Tier-3,Enterprise,10,Onsite,3,3.02,15.55
4,Bachelors,DevOps Engineer,Tier-2,Startup,10,Onsite,3,4.82,13.52
2,Bachelors,ML Engineer,Tier-2,Mid,12,Hybrid,1,2.91,10.58
2,Bachelors,Data Analyst,Tier-2,Startup,4,Onsite,0,2.44,5.95
14,Bachelors,DevOps Engineer,Tier-2,Mid,7,Onsite,4,4.14,20.44
10,Bachelors,Data Scientist,Tier-2,Mid,3,Hybrid,4,3.33,14.59
11,Bachelors,DevOps Engineer,Tier-1,Mid,11,Onsite,1,5.0,19.69
15,PhD,ML Engineer,Tier-1,Startup,8,Hybrid,5,3.08,25.31
11,Bachelors,DevOps Engineer,Tier-1,Enterprise,10,Hybrid,1,4.18,20.4
13,Bachelors,Backend Developer,Tier-1,Enterprise,9,Onsite,5,4.37,19.79
1,Bachelors,ML Engineer,Tier-2,Mid,5,Hybrid,0,3.08,10.51
17,Diploma,Data Scientist,Tier-1,Mid,3,Onsite,3,2.91,17.68
9,Bachelors,DevOps Engineer,Tier-1,Mid,15,Onsite,0,4.09,18.81
3,Bachelors,Data Analyst,Tier-1,Startup,6,Onsite,1,3.96,10.91
17,Bachelors,ML Engineer,Tier-1,Enterprise,3,Remote,2,2.37,19.59
15,Diploma,ML Engineer,Tier-2,Startup,6,Hybrid,0,2.6,16.43
1,PhD,Backend Developer,Tier-2,Mid,14,Hybrid,2,1.47,11.62
4,Bachelors,Data Scientist,Tier-1,Startup,5,Remote,1,3.98,13.98
0,Masters,Backend Developer,Tier-1,Startup,15,Onsite,0,3.29,13.23
5,Bachelors,ML Engineer,Tier-1,Mid,8,Remote,5,3.37,16.8
2,Diploma,Data Scientist,Tier-1,Mid,14,Hybrid,5,2.15,11.98
14,Masters,Data Scientist,Tier-2,Enterprise,11,Remote,5,2.62,21.68
10,Bachelors,Frontend Developer,Tier-2,Enterprise,2,Remote,0,3.12,12.03
20,Masters,Data Scientist,Tier-1,Startup,9,Remote,2,2.96,21.6
15,Bachelors,Data Scientist,Tier-1,Startup,7,Onsite,1,3.59,15.28
12,Bachelors,Backend Developer,Tier-3,Mid,4,Hybrid,1,3.97,14.85
10,Masters,Data Scientist,Tier-2,Mid,9,Remote,2,5.0,17.43
1,Bachelors,ML Engineer,Tier-1,Mid,3,Hybrid,3,3.48,13.04
1,Bachelors,Data Scientist,Tier-1,Enterprise,11,Onsite,2,4.39,11.93
12,Bachelors,ML Engineer,Tier-1,Mid,13,Remote,1,2.84,18.72
0,Bachelors,Frontend Developer,Tier-3,Startup,3,Onsite,5,2.16,6.69
0,Masters,Backend Developer,Tier-1,Mid,8,Onsite,5,3.22,11.3
4,Bachelors,DevOps Engineer,Tier-1,Mid,11,Hybrid,1,2.22,14.01
18,Bachelors,Frontend Developer,Tier-3,Mid,2,Onsite,1,3.51,15.67
9,Masters,Data Analyst,Tier-2,Startup,7,Hybrid,3,2.88,12.51
14,Bachelors,ML Engineer,Tier-1,Mid,5,Onsite,2,1.94,19.03
8,Masters,Data Scientist,Tier-1,Mid,2,Hybrid,5,4.89,19.19
3,Bachelors,Backend Developer,Tier-1,Startup,13,Remote,2,3.07,13.29
7,Bachelors,Data Scientist,Tier-2,Mid,8,Onsite,0,2.19,11.25
1,Masters,DevOps Engineer,Tier-1,Startup,12,Hybrid,0,4.22,13.74
16,Bachelors,Data Scientist,Tier-3,Mid,10,Onsite,0,2.92,18.16
3,Bachelors,Backend Developer,Tier-3,Mid,14,Remote,2,4.37,11.33
7,Bachelors,Data Analyst,Tier-1,Enterprise,15,Remote,1,2.91,14.0
20,Masters,DevOps Engineer,Tier-2,Startup,10,Onsite,5,3.07,22.51
12,Masters,DevOps Engineer,Tier-1,Startup,6,Hybrid,5,3.78,19.99
9,Bachelors,Frontend Developer,Tier-1,Startup,7,Hybrid,0,3.97,13.39
11,Bachelors,ML Engineer,Tier-2,Mid,13,Hybrid,5,4.11,17.21
16,Masters,Data Analyst,Tier-1,Startup,7,Hybrid,3,3.43,19.03
5,Bachelors,Frontend Developer,Tier-1,Mid,9,Onsite,1,3.92,14.28
13,Bachelors,ML Engineer,Tier-1,Startup,4,Hybrid,2,4.1,17.1
18,Bachelors,DevOps Engineer,Tier-1,Startup,15,Onsite,2,3.66,23.43
12,Bachelors,Frontend Developer,Tier-1,Mid,11,Onsite,1,3.39,18.15
9,Masters,Backend Developer,Tier-2,Mid,6,Remote,5,2.34,15.83
3,Masters,DevOps Engineer,Tier-2,Enterprise,10,Onsite,0,3.98,14.16
5,Masters,Frontend Developer,Tier-2,Mid,7,Hybrid,0,3.53,10.47
19,Bachelors,ML Engineer,Tier-2,Mid,4,Onsite,1,3.17,20.34
11,Bachelors,Data Analyst,Tier-1,Mid,14,Remote,0,4.52,17.19
6,Bachelors,Data Analyst,Tier-2,Mid,14,Hybrid,0,2.36,10.65
8,Bachelors,ML Engineer,Tier-1,Startup,13,Onsite,2,4.82,18.43
12,Bachelors,Backend Developer,Tier-1,Mid,7,Onsite,2,3.48,16.16
11,Bachelors,Data Analyst,Tier-3,Mid,5,Onsite,0,3.75,12.51
14,Bachelors,Data Analyst,Tier-1,Startup,2,Remote,4,3.18,16.52
5,Bachelors,Frontend Developer,Tier-1,Mid,12,Hybrid,5,2.17,13.44
13,Masters,Frontend Developer,Tier-1,Mid,6,Onsite,4,3.39,18.21
9,Diploma,Data Analyst,Tier-1,Mid,14,Hybrid,3,3.77,17.04
19,Bachelors,Backend Developer,Tier-1,Startup,14,Onsite,5,4.04,22.75
3,Masters,Data Analyst,Tier-1,Mid,3,Onsite,2,3.34,11.88
3,Masters,Frontend Developer,Tier-2,Enterprise,14,Onsite,2,1.75,10.41
9,Masters,DevOps Engineer,Tier-1,Startup,3,Onsite,0,2.27,16.52
10,Bachelors,DevOps Engineer,Tier-1,Mid,8,Hybrid,4,5.0,21.01
14,Masters,Backend Developer,Tier-1,Startup,8,Remote,0,2.63,18.0
8,Bachelors,Backend Developer,Tier-2,Startup,15,Remote,3,4.64,18.45
19,Bachelors,DevOps Engineer,Tier-1,Enterprise,11,Remote,4,2.75,24.62
9,Bachelors,Backend Developer,Tier-1,Mid,14,Onsite,1,3.35,15.66
2,Bachelors,ML Engineer,Tier-1,Mid,10,Onsite,3,4.0,14.27
2,Bachelors,Frontend Developer,Tier-2,Startup,13,Hybrid,1,2.84,10.92
20,Bachelors,Backend Developer,Tier-2,Enterprise,13,Remote,2,4.77,24.77
2,Masters,DevOps Engineer,Tier-2,Startup,14,Hybrid,3,3.56,12.59
19,Bachelors,Backend Developer,Tier-2,Mid,7,Onsite,1,3.87,19.74
5,Bachelors,DevOps Engineer,Tier-1,Startup,7,Hybrid,4,3.29,14.93
1,Bachelors,Data Analyst,Tier-1,Startup,15,Hybrid,2,4.03,10.63
6,Bachelors,Data Analyst,Tier-1,Mid,12,Remote,2,4.76,17.33
12,Bachelors,Data Analyst,Tier-1,Startup,14,Hybrid,4,3.39,17.32
8,Bachelors,Backend Developer,Tier-1,Mid,10,Onsite,1,4.88,16.74
16,Bachelors,Frontend Developer,Tier-1,Startup,15,Onsite,2,3.01,20.83
12,Masters,Data Scientist,Tier-1,Mid,12,Onsite,5,4.11,20.79
8,Masters,Data Analyst,Tier-2,Mid,12,Onsite,2,3.89,14.92
13,Bachelors,DevOps Engineer,Tier-1,Mid,4,Remote,0,2.65,15.5
20,Bachelors,Frontend Developer,Tier-2,Startup,9,Hybrid,1,3.67,18.94
8,Masters,Backend Developer,Tier-2,Mid,12,Onsite,5,3.51,17.67
3,PhD,ML Engineer,Tier-1,Enterprise,12,Onsite,4,2.82,20.8
8,Bachelors,ML Engineer,Tier-1,Startup,15,Hybrid,4,3.79,17.77
17,Masters,Data Analyst,Tier-2,Startup,6,Hybrid,1,3.62,15.87
4,Masters,Data Scientist,Tier-2,Enterprise,6,Onsite,5,3.44,15.29
19,Masters,DevOps Engineer,Tier-1,Startup,15,Remote,2,3.45,23.95
12,Bachelors,ML Engineer,Tier-1,Mid,15,Onsite,4,3.43,20.53
12,Diploma,Frontend Developer,Tier-2,Mid,4,Onsite,5,3.21,15.15
6,Diploma,Frontend Developer,Tier-2,Startup,7,Onsite,1,3.61,9.82
19,Bachelors,Data Scientist,Tier-1,Mid,15,Hybrid,5,2.98,21.32
0,Bachelors,Data Scientist,Tier-1,Mid,4,Hybrid,3,5.0,11.0
6,Bachelors,Frontend Developer,Tier-2,Startup,12,Remote,4,2.37,12.08
8,Bachelors,Data Analyst,Tier-1,Enterprise,3,Onsite,4,3.03,10.94
10,Bachelors,ML Engineer,Tier-2,Startup,4,Remote,1,3.1,14.75
9,Masters,DevOps Engineer,Tier-1,Mid,12,Hybrid,4,5.0,19.15
3,Bachelors,Frontend Developer,Tier-1,Enterprise,10,Onsite,1,2.44,13.5
4,Bachelors,Frontend Developer,Tier-1,Startup,9,Onsite,1,3.84,14.82
2,Masters,Data Analyst,Tier-1,Enterprise,13,Onsite,0,3.7,10.77
12,Masters,Data Scientist,Tier-3,Startup,6,Remote,1,3.77,16.73
7,PhD,Data Scientist,Tier-1,Mid,9,Onsite,5,4.49,18.53
11,Masters,Data Scientist,Tier-3,Startup,10,Onsite,1,4.47,16.57
12,Masters,Data Scientist,Tier-1,Mid,12,Hybrid,2,3.14,21.89
14,Bachelors,DevOps Engineer,Tier-2,Mid,6,Remote,2,3.66,17.76
11,Bachelors,Data Analyst,Tier-3,Enterprise,10,Hybrid,4,2.01,12.64
13,Bachelors,Frontend Developer,Tier-2,Enterprise,8,Hybrid,3,3.58,15.68
12,Bachelors,Backend Developer,Tier-1,Mid,9,Onsite,3,2.86,18.89
13,Masters,Backend Developer,Tier-2,Mid,14,Remote,5,3.35,15.74
12,Bachelors,Data Scientist,Tier-1,Mid,7,Onsite,2,2.15,16.24
6,Bachelors,Data Scientist,Tier-3,Enterprise,11,Onsite,4,3.82,14.68
5,Bachelors,Backend Developer,Tier-1,Mid,15,Remote,5,2.14,14.09
16,Bachelors,Data Scientist,Tier-1,Enterprise,12,Onsite,4,3.62,23.56
7,Bachelors,Frontend Developer,Tier-1,Startup,15,Onsite,0,2.52,14.95
11,Diploma,Data Analyst,Tier-2,Mid,10,Hybrid,1,2.82,10.86
4,Masters,Data Analyst,Tier-3,Mid,5,Onsite,3,4.42,12.69
9,Bachelors,Frontend Developer,Tier-1,Startup,15,Onsite,2,3.97,14.71
11,Masters,Backend Developer,Tier-2,Startup,11,Hybrid,1,4.42,19.0
13,Bachelors,Data Analyst,Tier-3,Enterprise,5,Hybrid,2,4.75,15.33
11,Bachelors,DevOps Engineer,Tier-1,Mid,6,Hybrid,0,2.88,16.21
7,Bachelors,Data Analyst,Tier-1,Startup,5,Onsite,1,4.7,12.48
20,Masters,DevOps Engineer,Tier-2,Startup,13,Hybrid,4,2.33,22.68
10,Bachelors,Frontend Developer,Tier-2,Mid,3,Remote,0,4.1,13.73
16,Masters,DevOps Engineer,Tier-1,Mid,12,Onsite,5,3.11,22.0
15,Bachelors,DevOps Engineer,Tier-2,Enterprise,9,Onsite,2,2.76,18.94
11,Bachelors,Data Scientist,Tier-1,Enterprise,3,Onsite,4,3.99,17.57
18,Masters,Frontend Developer,Tier-3,Mid,10,Hybrid,1,4.26,17.94
2,Bachelors,Data Scientist,Tier-2,Mid,12,Onsite,4,4.23,12.06
19,Bachelors,ML Engineer,Tier-2,Startup,12,Hybrid,3,3.67,20.97
17,Masters,Data Scientist,Tier-1,Enterprise,9,Remote,5,3.61,23.73
10,Bachelors,ML Engineer,Tier-1,Startup,6,Onsite,0,3.92,17.7
15,Bachelors,DevOps Engineer,Tier-1,Startup,4,Hybrid,4,3.74,20.2
10,Bachelors,ML Engineer,Tier-1,Enterprise,2,Onsite,1,3.93,20.45
5,Bachelors,Data Analyst,Tier-2,Enterprise,7,Onsite,2,3.66,8.16
16,Masters,Data Scientist,Tier-1,Startup,10,Hybrid,0,4.17,22.16
5,Masters,Frontend Developer,Tier-1,Mid,2,Onsite,5,2.2,12.14
6,Bachelors,Backend Developer,Tier-1,Mid,15,Remote,3,3.39,17.03
10,Masters,Backend Developer,Tier-1,Startup,10,Hybrid,5,2.39,18.25
17,Bachelors,ML Engineer,Tier-1,Startup,6,Onsite,3,3.72,21.4
8,Diploma,Data Scientist,Tier-2,Startup,15,Onsite,0,4.81,15.26
10,Bachelors,Backend Developer,Tier-2,Mid,4,Onsite,2,3.12,13.11
0,PhD,Backend Developer,Tier-1,Mid,15,Remote,2,3.6,15.7
2,Diploma,DevOps Engineer,Tier-2,Mid,5,Hybrid,0,4.11,7.91
1,Bachelors,Backend Developer,Tier-2,Startup,7,Onsite,5,1.85,9.8
1,Bachelors,DevOps Engineer,Tier-1,Enterprise,7,Hybrid,5,3.08,13.8
18,Masters,Frontend Developer,Tier-2,Mid,15,Hybrid,3,3.79,20.59
17,Diploma,Data Analyst,Tier-1,Enterprise,5,Hybrid,3,1.18,15.66
17,Bachelors,ML Engineer,Tier-1,Startup,15,Onsite,4,2.72,22.38
1,Masters,ML Engineer,Tier-1,Mid,6,Onsite,4,4.38,16.8
1,Bachelors,Data Analyst,Tier-1,Enterprise,5,Onsite,0,4.3,13.71
5,Bachelors,Data Scientist,Tier-2,Startup,10,Onsite,3,3.8,14.8
11,Bachelors,Frontend Developer,Tier-3,Startup,11,Onsite,4,4.21,14.53
7,Bachelors,ML Engineer,Tier-2,Startup,6,Onsite,4,3.67,15.56
10,Bachelors,Data Analyst,Tier-2,Startup,3,Onsite,3,3.94,13.39
3,Masters,Data Scientist,Tier-2,Mid,7,Onsite,5,3.25,11.99
15,Bachelors,Data Scientist,Tier-3,Startup,9,Onsite,3,3.59,16.16
6,Bachelors,Data Scientist,Tier-1,Startup,2,Remote,2,2.99,13.18
1,PhD,Data Analyst,Tier-1,Mid,3,Hybrid,2,4.51,12.28
15,Bachelors,Frontend Developer,Tier-2,Startup,14,Onsite,4,4.72,17.28
18,Bachelors,Frontend Developer,Tier-1,Startup,2,Hybrid,5,4.6,19.6
0,Masters,ML Engineer,Tier-1,Mid,7,Onsite,1,3.17,13.72
9,Bachelors,Backend Developer,Tier-1,Startup,12,Remote,1,2.74,15.8
17,Masters,DevOps Engineer,Tier-2,Startup,6,Hybrid,3,4.52,23.23
14,Masters,DevOps Engineer,Tier-1,Startup,8,Onsite,4,3.94,19.65
17,Diploma,Data Analyst,Tier-1,Startup,3,Remote,2,3.76,19.98
8,Bachelors,DevOps Engineer,Tier-1,Mid,13,Remote,3,2.99,15.59
7,Bachelors,Data Analyst,Tier-1,Startup,10,Remote,0,3.84,10.7
14,Bachelors,Data Analyst,Tier-2,Startup,13,Onsite,1,2.63,14.83
3,Bachelors,ML Engineer,Tier-1,Enterprise,14,Onsite,5,4.01,16.1
5,Bachelors,Frontend Developer,Tier-2,Enterprise,6,Hybrid,3,4.6,12.93
12,Masters,Data Analyst,Tier-2,Startup,2,Onsite,5,4.8,15.33
14,Masters,Data Scientist,Tier-1,Startup,6,Hybrid,1,4.07,19.69
2,Masters,Data Scientist,Tier-2,Mid,4,Hybrid,1,2.39,9.35
10,Bachelors,ML Engineer,Tier-2,Enterprise,9,Onsite,5,3.66,19.11
7,Bachelors,DevOps Engineer,Tier-2,Enterprise,4,Onsite,5,5.0,16.31
10,Bachelors,Data Scientist,Tier-1,Startup,14,Onsite,5,2.81,19.24
20,Bachelors,Data Scientist,Tier-1,Startup,10,Onsite,1,3.45,22.06
1,Masters,Data Analyst,Tier-3,Mid,5,Hybrid,4,4.63,7.93
20,Bachelors,Data Scientist,Tier-2,Enterprise,14,Hybrid,2,3.99,21.52
9,Bachelors,Data Analyst,Tier-3,Enterprise,12,Onsite,5,5.0,14.86
16,Masters,Backend Developer,Tier-3,Startup,8,Hybrid,5,2.91,16.98
8,Bachelors,ML Engineer,Tier-1,Mid,4,Hybrid,2,2.71,14.03
6,Diploma,ML Engineer,Tier-2,Startup,6,Hybrid,1,4.48,13.84
16,Bachelors,Frontend Developer,Tier-1,Mid,10,Onsite,5,2.54,16.98
14,Bachelors,Backend Developer,Tier-2,Enterprise,12,Hybrid,2,3.34,20.43
3,Masters,Data Analyst,Tier-1,Mid,5,Hybrid,2,3.45,11.11
14,Bachelors,ML Engineer,Tier-1,Startup,12,Onsite,3,4.33,21.52
15,Masters,Data Scientist,Tier-2,Mid,5,Hybrid,5,3.99,18.89
8,Masters,Frontend Developer,Tier-2,Mid,5,Remote,0,3.87,14.27
19,Masters,Data Scientist,Tier-2,Enterprise,8,Onsite,5,3.18,22.98
13,Bachelors,Data Analyst,Tier-1,Startup,4,Hybrid,2,4.47,15.44
7,Diploma,Frontend Developer,Tier-1,Enterprise,7,Remote,0,5.0,14.84
0,Masters,ML Engineer,Tier-3,Startup,7,Remote,1,4.05,9.33
14,Bachelors,Data Analyst,Tier-1,Startup,5,Onsite,2,3.58,14.1
4,Bachelors,Frontend Developer,Tier-1,Startup,12,Hybrid,4,2.46,11.05
15,Masters,Data Scientist,Tier-2,Startup,6,Remote,3,2.99,19.09
11,Bachelors,DevOps Engineer,Tier-1,Startup,11,Hybrid,0,3.33,17.74
9,Masters,Frontend Developer,Tier-2,Mid,12,Onsite,2,3.07,15.93
3,Masters,ML Engineer,Tier-1,Startup,11,Onsite,1,3.49,14.12
14,Masters,Backend Developer,Tier-2,Startup,5,Hybrid,1,4.92,19.16
3,Bachelors,Backend Developer,Tier-3,Startup,13,Onsite,4,4.5,12.25
8,Masters,Backend Developer,Tier-3,Startup,5,Onsite,4,3.37,12.48
17,Bachelors,Data Analyst,Tier-2,Enterprise,5,Onsite,0,2.53,16.0
19,Masters,Data Scientist,Tier-1,Enterprise,14,Hybrid,3,4.57,26.36
20,Masters,Data Scientist,Tier-2,Startup,6,Onsite,2,3.46,20.56
20,Masters,Frontend Developer,Tier-2,Mid,11,Remote,2,2.12,20.01
11,Bachelors,Data Analyst,Tier-2,Mid,2,Hybrid,4,4.07,13.51
4,Bachelors,Backend Developer,Tier-2,Enterprise,10,Remote,1,4.32,13.48
17,Bachelors,Frontend Developer,Tier-2,Startup,14,Remote,4,1.56,17.25
16,Bachelors,DevOps Engineer,Tier-2,Startup,11,Onsite,2,2.84,17.37
20,Bachelors,Data Scientist,Tier-2,Mid,10,Hybrid,0,3.41,21.05
13,Bachelors,Data Analyst,Tier-1,Enterprise,13,Onsite,4,4.09,17.72
2,Bachelors,Frontend Developer,Tier-1,Mid,6,Remote,5,3.09,10.23
10,Masters,Data Analyst,Tier-2,Mid,7,Onsite,3,2.83,12.92
9,Masters,Data Analyst,Tier-1,Startup,2,Hybrid,4,4.08,15.37
17,Bachelors,DevOps Engineer,Tier-2,Mid,11,Remote,0,3.13,20.12
8,Masters,DevOps Engineer,Tier-2,Enterprise,12,Onsite,2,3.93,17.59
6,Bachelors,Frontend Developer,Tier-1,Mid,12,Remote,2,2.61,12.87
1,Bachelors,DevOps Engineer,Tier-2,Mid,12,Onsite,4,2.42,12.12
17,Bachelors,Data Analyst,Tier-2,Mid,3,Onsite,2,4.1,13.68
15,Masters,Data Analyst,Tier-2,Mid,11,Onsite,4,3.7,18.66
0,Masters,Data Scientist,Tier-1,Mid,12,Onsite,1,4.24,11.5
9,Masters,Data Analyst,Tier-2,Mid,4,Hybrid,3,3.07,10.75
10,Masters,DevOps Engineer,Tier-1,Enterprise,8,Remote,1,2.86,18.56
9,PhD,Data Analyst,Tier-2,Mid,14,Onsite,3,4.59,19.0
19,Bachelors,Backend Developer,Tier-1,Startup,7,Hybrid,0,2.28,21.54
3,Bachelors,DevOps Engineer,Tier-2,Mid,12,Remote,4,4.5,15.46
6,Bachelors,Frontend Developer,Tier-2,Startup,9,Hybrid,0,4.56,12.76
3,PhD,Data Scientist,Tier-2,Startup,11,Onsite,5,4.19,13.36
5,Diploma,ML Engineer,Tier-1,Startup,10,Remote,5,2.95,14.85
19,Bachelors,Backend Developer,Tier-2,Mid,11,Onsite,3,2.85,19.55
19,Masters,Frontend Developer,Tier-2,Startup,12,Hybrid,5,3.33,19.98
0,Bachelors,ML Engineer,Tier-1,Startup,14,Hybrid,4,2.46,13.11
13,Masters,Data Scientist,Tier-3,Mid,6,Hybrid,0,2.73,15.46
4,Bachelors,Frontend Developer,Tier-2,Startup,14,Onsite,4,4.02,13.57
4,PhD,DevOps Engineer,Tier-3,Mid,10,Onsite,2,4.02,13.09
6,Masters,ML Engineer,Tier-3,Enterprise,10,Hybrid,5,2.66,16.43
4,Bachelors,Data Analyst,Tier-3,Mid,6,Onsite,5,4.04,8.78
10,Masters,Backend Developer,Tier-2,Startup,7,Onsite,5,3.86,16.07
20,Bachelors,DevOps Engineer,Tier-2,Startup,11,Hybrid,2,4.71,23.3
12,Bachelors,DevOps Engineer,Tier-1,Mid,7,Hybrid,1,3.96,17.42
15,Bachelors,ML Engineer,Tier-1,Mid,6,Onsite,0,4.35,20.91
10,Masters,Data Analyst,Tier-2,Startup,13,Onsite,0,3.88,13.96
0,Diploma,Backend Developer,Tier-1,Mid,7,Remote,5,4.28,10.85
1,Bachelors,Frontend Developer,Tier-2,Mid,11,Onsite,3,2.47,8.41
5,Masters,DevOps Engineer,Tier-1,Startup,2,Onsite,2,3.4,14.15
5,Bachelors,Data Analyst,Tier-1,Mid,3,Onsite,2,3.47,9.96
17,Bachelors,Data Scientist,Tier-1,Startup,13,Onsite,1,3.31,21.04
17,Diploma,ML Engineer,Tier-1,Startup,3,Remote,3,3.86,19.99
17,Bachelors,Data Analyst,Tier-1,Enterprise,13,Onsite,2,4.01,19.57
13,Masters,DevOps Engineer,Tier-1,Startup,14,Onsite,4,3.81,23.67
11,Diploma,Data Analyst,Tier-2,Mid,8,Hybrid,0,3.36,12.93
13,Bachelors,Backend Developer,Tier-1,Mid,14,Onsite,5,2.91,19.05
8,Masters,DevOps Engineer,Tier-1,Startup,7,Onsite,0,4.38,17.44
14,Diploma,Frontend Developer,Tier-1,Enterprise,15,Remote,2,3.78,18.06
16,Masters,Frontend Developer,Tier-1,Startup,5,Hybrid,2,2.69,17.69
16,Bachelors,Data Scientist,Tier-1,Startup,7,Onsite,4,3.35,19.81
12,Masters,Frontend Developer,Tier-2,Enterprise,7,Onsite,3,2.11,14.06
1,Masters,ML Engineer,Tier-2,Mid,12,Onsite,1,3.53,13.77
15,Masters,Data Analyst,Tier-1,Mid,2,Onsite,2,3.34,16.16
7,Bachelors,ML Engineer,Tier-2,Startup,13,Hybrid,3,3.04,14.94
15,Bachelors,ML Engineer,Tier-1,Startup,2,Hybrid,2,4.77,19.91
11,Masters,Backend Developer,Tier-1,Mid,6,Hybrid,0,2.58,20.06
18,Bachelors,Data Scientist,Tier-2,Startup,10,Remote,1,4.07,19.71
7,Bachelors,ML Engineer,Tier-1,Startup,4,Onsite,3,5.0,14.41
19,Diploma,ML Engineer,Tier-2,Mid,8,Remote,1,4.36,19.2
17,Masters,Data Scientist,Tier-1,Startup,15,Hybrid,3,3.47,24.08
6,Masters,Frontend Developer,Tier-1,Startup,13,Onsite,0,2.59,15.06
10,Bachelors,Data Scientist,Tier-1,Startup,2,Remote,4,2.41,14.61
11,Masters,Frontend Developer,Tier-1,Mid,10,Onsite,1,3.17,18.28
16,Bachelors,Data Scientist,Tier-3,Mid,10,Hybrid,3,2.95,19.19
14,Bachelors,DevOps Engineer,Tier-1,Enterprise,2,Hybrid,5,2.92,19.7
17,Bachelors,ML Engineer,Tier-2,Startup,11,Onsite,2,3.24,20.0
7,Bachelors,Data Analyst,Tier-2,Startup,9,Remote,0,3.42,11.29
10,Bachelors,Data Analyst,Tier-2,Mid,11,Onsite,0,3.89,14.5
9,Masters,Frontend Developer,Tier-1,Mid,6,Remote,2,2.51,15.34
19,Masters,DevOps Engineer,Tier-1,Mid,5,Onsite,0,2.95,21.29
6,Bachelors,Data Scientist,Tier-1,Enterprise,12,Onsite,5,3.37,16.85
12,Bachelors,Backend Developer,Tier-2,Mid,12,Onsite,5,3.34,19.87
2,Bachelors,Backend Developer,Tier-1,Mid,4,Remote,5,4.97,14.09
17,PhD,Data Analyst,Tier-3,Enterprise,5,Onsite,5,3.69,19.83
8,Masters,ML Engineer,Tier-2,Startup,10,Remote,3,2.21,16.58
7,Masters,Frontend Developer,Tier-1,Enterprise,13,Onsite,1,3.83,16.77
12,Bachelors,DevOps Engineer,Tier-2,Mid,4,Onsite,2,3.94,16.96
10,Bachelors,DevOps Engineer,Tier-1,Mid,5,Onsite,1,3.4,17.76
17,Bachelors,Data Analyst,Tier-3,Enterprise,13,Onsite,5,2.53,18.29
11,Diploma,Data Scientist,Tier-1,Mid,11,Remote,2,4.91,18.96
10,Bachelors,ML Engineer,Tier-3,Mid,14,Onsite,2,2.64,15.24
2,Diploma,Data Analyst,Tier-2,Startup,12,Hybrid,4,4.03,10.07
0,PhD,Backend Developer,Tier-2,Mid,15,Hybrid,2,3.66,13.28
8,Diploma,Data Analyst,Tier-1,Mid,4,Hybrid,2,3.98,12.25
20,Bachelors,Data Analyst,Tier-2,Startup,5,Hybrid,1,4.87,22.11
19,Masters,Data Analyst,Tier-1,Mid,5,Remote,0,3.95,17.98
13,Bachelors,Data Scientist,Tier-2,Mid,2,Hybrid,0,3.05,16.5
13,Masters,Frontend Developer,Tier-1,Mid,12,Hybrid,2,4.38,18.64
8,Bachelors,Data Scientist,Tier-1,Startup,11,Hybrid,5,3.0,16.72
3,Masters,DevOps Engineer,Tier-1,Mid,3,Hybrid,1,3.63,17.01
0,Bachelors,Data Scientist,Tier-1,Startup,4,Onsite,3,2.47,8.65
7,Bachelors,Data Analyst,Tier-1,Startup,4,Hybrid,1,2.67,10.22
6,Masters,ML Engineer,Tier-2,Mid,7,Onsite,1,3.54,15.15
4,Bachelors,Frontend Developer,Tier-1,Startup,8,Hybrid,0,3.79,10.85
5,Bachelors,Data Analyst,Tier-2,Startup,6,Remote,3,2.14,10.09
0,Bachelors,Data Analyst,Tier-1,Mid,15,Remote,3,3.9,10.57
12,Bachelors,DevOps Engineer,Tier-2,Startup,4,Remote,2,2.84,16.54
19,Masters,Backend Developer,Tier-2,Enterprise,9,Hybrid,3,4.52,21.76
14,Bachelors,ML Engineer,Tier-1,Enterprise,8,Hybrid,2,3.22,18.92
9,Bachelors,Frontend Developer,Tier-2,Mid,7,Onsite,1,2.6,12.0
8,Bachelors,DevOps Engineer,Tier-3,Enterprise,13,Onsite,4,3.56,14.63
6,Masters,ML Engineer,Tier-2,Enterprise,15,Onsite,3,2.77,19.34
2,Bachelors,Backend Developer,Tier-1,Startup,2,Onsite,0,4.52,9.33
12,Bachelors,Data Analyst,Tier-1,Mid,8,Remote,2,3.5,14.7
11,Masters,Data Scientist,Tier-2,Startup,3,Remote,2,3.38,16.52
0,Diploma,Backend Developer,Tier-1,Mid,8,Hybrid,4,3.97,10.43
8,Masters,Data Scientist,Tier-2,Mid,10,Onsite,1,2.7,13.07
5,Bachelors,DevOps Engineer,Tier-1,Startup,7,Hybrid,5,2.47,16.64
3,Bachelors,DevOps Engineer,Tier-2,Startup,6,Onsite,3,3.83,10.82
14,Bachelors,Data Scientist,Tier-1,Enterprise,6,Remote,0,2.62,18.49
11,Masters,ML Engineer,Tier-1,Startup,6,Remote,2,2.62,18.23
13,Bachelors,Data Scientist,Tier-3,Startup,6,Onsite,5,4.17,17.9
14,Bachelors,Backend Developer,Tier-2,Startup,7,Onsite,1,3.92,17.44
20,Bachelors,Data Analyst,Tier-2,Mid,11,Onsite,4,2.5,17.71
16,Bachelors,ML Engineer,Tier-3,Enterprise,3,Onsite,4,3.0,18.78
13,Bachelors,Backend Developer,Tier-1,Mid,2,Onsite,4,2.78,16.71
