years_experience,education_level,job_role,city_tier,company_size,skills_count,work_mode,certifications,performance_score,salary_lpa,predicted_salary
1,Bachelors,ML Engineer,Tier-2,Startup,9,Hybrid,3,4.11,14.44,12.406165083075695
16,Masters,Backend Developer,Tier-2,Startup,8,Onsite,0,3.53,19.58,18.551102974213133
13,Masters,Data Analyst,Tier-2,Mid,4,Onsite,5,4.69,15.98,16.467826846633336
9,Masters,Backend Developer,Tier-2,Startup,4,Onsite,0,4.53,15.51,14.885732003784167
9,Masters,DevOps Engineer,Tier-2,Enterprise,8,Hybrid,5,3.66,17.05,18.12596022935271
18,Masters,Data Analyst,Tier-1,Startup,2,Hybrid,1,3.29,17.17,18.166056848925727
1,Masters,Data Scientist,Tier-2,Startup,6,Onsite,2,3.91,11.39,11.255328098916474
14,Bachelors,Frontend Developer,Tier-1,Startup,8,Onsite,0,3.36,17.4,16.70693252174322
4,Masters,Backend Developer,Tier-1,Startup,8,Onsite,4,4.84,15.45,15.665482199504726
1,Bachelors,Frontend Developer,Tier-3,Startup,13,Remote,4,3.56,10.07,9.576790136050356
11,Bachelors,Backend Developer,Tier-2,Mid,15,Onsite,0,3.18,16.17,16.08452965205786
20,Bachelors,Frontend Developer,Tier-3,Startup,12,Hybrid,0,3.13,18.3,18.414838109726496
15,Masters,Backend Developer,Tier-1,Mid,3,Onsite,3,2.53,18.41,18.70181492716611
15,PhD,Data Analyst,Tier-1,Enterprise,7,Onsite,5,3.95,20.07,21.26379303659155
15,Bachelors,Frontend Developer,Tier-1,Mid,12,Hybrid,0,2.84,18.34,17.92162826374301
16,Masters,ML Engineer,Tier-1,Mid,10,Onsite,1,4.38,23.95,23.259582123209146
10,Masters,Data Analyst,Tier-1,Mid,8,Onsite,3,2.47,14.79,14.736800403743795
2,Bachelors,ML Engineer,Tier-1,Startup,8,Remote,0,3.6,11.72,13.308097023455385
17,Bachelors,ML Engineer,Tier-1,Startup,7,Onsite,1,4.42,20.71,22.056191233552546
9,Diploma,Data Analyst,Tier-3,Enterprise,10,Onsite,0,1.78,10.28,10.019345989784542
10,Masters,DevOps Engineer,Tier-1,Mid,4,Onsite,2,5.0,21.08,19.12108087511914
7,Bachelors,Data Scientist,Tier-1,Startup,9,Onsite,4,3.16,15.62,15.481418403907181
3,PhD,Data Scientist,Tier-2,Mid,4,Hybrid,2,3.61,13.17,13.514115186672576
19,Bachelors,ML Engineer,Tier-1,Enterprise,11,Onsite,1,3.96,24.94,24.52944821974597
16,PhD,Frontend Developer,Tier-3,Mid,14,Remote,2,4.08,19.0,20.609923142281893
13,Bachelors,Frontend Developer,Tier-2,Mid,9,Hybrid,3,3.72,18.03,16.132095230192405
8,Masters,Frontend Developer,Tier-1,Enterprise,7,Remote,0,4.3,16.59,16.3261332527143
17,Diploma,Data Scientist,Tier-2,Mid,15,Remote,0,3.92,18.97,19.86524047810854
11,Bachelors,DevOps Engineer,Tier-2,Mid,11,Remote,1,4.91,18.25,18.295855763906488
9,Masters,Frontend Developer,Tier-2,Startup,7,Hybrid,5,3.92,14.45,14.925702515844675
9,Masters,ML Engineer,Tier-2,Startup,2,Onsite,4,5.0,19.09,17.328863517959626
4,Masters,Backend Developer,Tier-2,Enterprise,2,Onsite,0,4.22,12.46,12.561413230083472
1,Diploma,Data Analyst,Tier-2,Mid,5,Hybrid,1,2.06,5.65,5.185003351118757
11,Bachelors,Frontend Developer,Tier-1,Mid,5,Onsite,2,5.0,17.61,16.681153001156297
18,Diploma,DevOps Engineer,Tier-2,Mid,12,Hybrid,1,3.04,18.62,19.718898015467897
1,Bachelors,ML Engineer,Tier-3,Startup,9,Onsite,5,4.7,12.65,12.596145438895483
18,Bachelors,Backend Developer,Tier-2,Enterprise,15,Remote,5,3.52,22.88,22.329580182037972
17,Masters,ML Engineer,Tier-2,Startup,9,Onsite,1,4.35,19.98,21.74171634583484
5,Masters,Data Analyst,Tier-1,Enterprise,14,Remote,0,2.95,13.77,13.890825219150909
13,Masters,Backend Developer,Tier-2,Mid,9,Onsite,1,4.0,18.01,17.9962347951486
3,Masters,Frontend Developer,Tier-3,Startup,7,Onsite,3,3.3,9.96,9.867383962642693
15,Masters,DevOps Engineer,Tier-1,Startup,12,Remote,4,4.76,23.68,23.518169007023978
14,Diploma,DevOps Engineer,Tier-1,Enterprise,8,Remote,2,3.85,20.31,20.208695140485432
7,Bachelors,ML Engineer,Tier-1,Startup,5,Hybrid,1,4.25,17.62,16.21682470787102
1,Bachelors,DevOps Engineer,Tier-1,Startup,8,Remote,1,1.77,9.29,10.81559250747755
20,Masters,Backend Developer,Tier-2,Mid,11,Onsite,0,3.43,21.1,21.45336279487319
9,Diploma,Backend Developer,Tier-1,Mid,7,Remote,0,3.83,15.73,15.060312736132076
18,Bachelors,Backend Developer,Tier-1,Mid,11,Onsite,2,3.68,22.24,21.653830803221656
14,Bachelors,DevOps Engineer,Tier-2,Startup,15,Hybrid,3,4.27,20.76,20.225113223988885
16,Diploma,Frontend Developer,Tier-2,Enterprise,7,Onsite,0,3.21,19.46,16.094080915228314
15,Bachelors,Data Analyst,Tier-2,Startup,6,Onsite,1,3.54,15.75,14.78059565008527
4,Masters,Data Analyst,Tier-2,Startup,7,Hybrid,5,4.44,13.07,11.776400402534017
7,Bachelors,ML Engineer,Tier-2,Startup,13,Hybrid,5,1.68,14.27,14.690186499216152
9,Bachelors,Backend Developer,Tier-2,Startup,4,Onsite,3,3.97,12.95,14.076349092321117
10,Masters,Frontend Developer,Tier-2,Startup,15,Remote,3,3.23,15.74,15.959408772002137
0,Bachelors,ML Engineer,Tier-1,Startup,7,Hybrid,3,2.77,12.55,11.88758390476496
11,Masters,Backend Developer,Tier-2,Startup,13,Onsite,2,3.77,17.84,17.410088526654718
3,Bachelors,DevOps Engineer,Tier-1,Mid,13,Hybrid,1,4.48,15.85,15.446265926349179
15,Bachelors,ML Engineer,Tier-1,Enterprise,12,Onsite,2,4.33,22.98,23.08631142140268
14,Bachelors,ML Engineer,Tier-1,Startup,14,Onsite,4,3.39,20.89,21.462269970897403
19,Bachelors,Backend Developer,Tier-2,Startup,4,Hybrid,3,4.2,19.75,19.879088882802407
15,Masters,ML Engineer,Tier-2,Enterprise,10,Onsite,4,4.19,23.97,22.412794313702246
7,Bachelors,DevOps Engineer,Tier-1,Enterprise,3,Onsite,3,3.43,17.11,15.938738519267142
20,Diploma,DevOps Engineer,Tier-2,Mid,6,Hybrid,0,2.95,17.99,19.394558165203385
8,Bachelors,Backend Developer,Tier-1,Startup,2,Onsite,3,2.99,14.76,13.880246376714167
6,Masters,ML Engineer,Tier-2,Mid,11,Remote,5,4.17,16.95,17.30109839813784
19,Masters,Backend Developer,Tier-2,Startup,10,Hybrid,3,3.47,21.87,21.313200706378595
7,PhD,Data Scientist,Tier-2,Startup,12,Onsite,3,2.66,15.87,16.15829440924157
1,Bachelors,ML Engineer,Tier-2,Mid,4,Hybrid,1,2.15,11.43,9.531240484720486
9,Bachelors,Data Scientist,Tier-1,Mid,6,Onsite,4,4.17,16.75,17.174294933152574
16,Bachelors,Data Analyst,Tier-1,Mid,11,Hybrid,2,3.06,18.34,18.037351867367228
3,Bachelors,Data Analyst,Tier-2,Mid,13,Onsite,1,3.76,10.83,9.980697925249167
9,PhD,Backend Developer,Tier-2,Startup,14,Remote,2,4.49,17.55,18.771326650370508
2,Masters,Data Analyst,Tier-1,Startup,3,Onsite,0,2.45,8.15,8.505765720527684
14,Bachelors,Backend Developer,Tier-1,Mid,7,Hybrid,5,3.46,19.1,19.340662988164738
9,Bachelors,ML Engineer,Tier-1,Enterprise,2,Onsite,4,3.36,17.15,17.534781238893657
6,Masters,ML Engineer,Tier-1,Startup,13,Onsite,1,3.8,17.0,17.586688360162313
4,Bachelors,Frontend Developer,Tier-1,Mid,3,Onsite,4,4.49,14.09,12.479217884173043
11,Bachelors,Backend Developer,Tier-1,Startup,13,Hybrid,0,2.44,15.63,16.53623335144865
14,Bachelors,Frontend Developer,Tier-3,Startup,4,Remote,2,3.96,15.83,14.914704854284073
19,Diploma,Frontend Developer,Tier-1,Mid,2,Onsite,3,4.33,19.98,19.274014402140963
9,Bachelors,Data Analyst,Tier-1,Startup,14,Onsite,0,3.35,12.55,14.195262373695583
3,Diploma,Data Scientist,Tier-1,Mid,8,Onsite,4,3.39,13.18,12.733886524107197
17,Bachelors,Backend Developer,Tier-1,Mid,7,Onsite,4,3.83,19.34,20.94620877463737
13,Bachelors,DevOps Engineer,Tier-2,Startup,11,Remote,3,3.78,19.41,18.567146914358915
14,Bachelors,Data Analyst,Tier-1,Startup,5,Remote,1,3.97,15.84,16.24135162079039
2,Bachelors,Data Analyst,Tier-2,Startup,11,Remote,4,3.95,10.17,9.857710514307009
6,Masters,DevOps Engineer,Tier-2,Enterprise,8,Onsite,2,2.71,13.76,14.829928562682822
16,Masters,DevOps Engineer,Tier-1,Mid,5,Onsite,4,4.29,22.8,22.389636762055897
17,Bachelors,Data Scientist,Tier-2,Mid,7,Hybrid,3,4.43,21.55,20.277175741450904
9,Bachelors,ML Engineer,Tier-3,Startup,2,Onsite,0,3.65,12.4,13.60985116549268
16,Masters,Backend Developer,Tier-1,Mid,6,Hybrid,0,2.3,18.29,19.06996023147142
17,Bachelors,Data Scientist,Tier-1,Startup,10,Onsite,0,3.41,20.88,20.4567471539533
8,Bachelors,Data Scientist,Tier-3,Mid,3,Onsite,0,3.66,12.98,12.483318334345629
18,Masters,ML Engineer,Tier-2,Mid,3,Remote,1,2.58,17.54,20.050915968506935
6,Bachelors,Backend Developer,Tier-1,Mid,11,Onsite,0,3.21,16.56,14.239760949939859
5,Masters,Data Scientist,Tier-2,Startup,7,Remote,5,2.37,13.93,13.120139671646086
14,Bachelors,ML Engineer,Tier-1,Startup,3,Onsite,5,3.99,20.98,20.182977151809823
13,Bachelors,Data Scientist,Tier-2,Startup,12,Onsite,1,3.63,17.28,17.466440373435603
2,Bachelors,Frontend Developer,Tier-1,Mid,12,Onsite,1,2.18,8.22,10.319384195123282
17,Bachelors,Data Analyst,Tier-1,Enterprise,2,Onsite,4,3.78,19.43,18.663792281857805
4,Bachelors,Data Scientist,Tier-2,Startup,4,Hybrid,3,3.45,10.84,11.496630710394648
16,Bachelors,Data Scientist,Tier-3,Mid,7,Onsite,3,3.91,19.15,18.481940981974734
0,Masters,DevOps Engineer,Tier-2,Mid,12,Hybrid,5,3.19,12.73,12.736314539996034
16,Bachelors,DevOps Engineer,Tier-1,Startup,3,Remote,3,2.86,19.82,19.49499860597448
16,Bachelors,Backend Developer,Tier-1,Startup,13,Onsite,4,2.88,19.45,20.408924598218277
16,Masters,Data Analyst,Tier-3,Startup,6,Onsite,3,3.07,16.52,15.68255270922821
13,Masters,Frontend Developer,Tier-3,Mid,3,Onsite,3,3.52,13.67,15.032400608945137
9,Bachelors,ML Engineer,Tier-1,Mid,14,Hybrid,1,3.62,21.26,18.665416533286358
14,Bachelors,DevOps Engineer,Tier-2,Mid,3,Hybrid,3,3.35,20.28,17.42925903686583
5,PhD,ML Engineer,Tier-1,Enterprise,3,Onsite,5,3.16,20.91,17.97045121917837
16,Bachelors,DevOps Engineer,Tier-1,Mid,15,Hybrid,2,3.22,23.52,22.004466629120135
11,Masters,Frontend Developer,Tier-1,Enterprise,9,Onsite,0,5.0,18.62,18.752502570132854
9,Masters,Data Scientist,Tier-1,Mid,8,Onsite,3,2.88,18.65,17.142550705507762
10,Masters,Frontend Developer,Tier-1,Enterprise,11,Onsite,4,3.05,17.67,17.721404641725474
11,Bachelors,Data Scientist,Tier-2,Enterprise,10,Remote,5,5.0,17.83,19.38290350320664
0,Bachelors,ML Engineer,Tier-1,Mid,10,Onsite,3,3.84,15.28,13.515086726981675
2,Bachelors,Data Scientist,Tier-1,Enterprise,2,Onsite,4,2.4,13.28,11.827008281623751
5,Bachelors,Frontend Developer,Tier-1,Enterprise,9,Onsite,1,4.17,13.97,13.982104388413333
2,Masters,Data Scientist,Tier-1,Mid,5,Hybrid,2,2.77,11.16,12.585853606145177
9,Bachelors,Backend Developer,Tier-1,Mid,13,Onsite,2,4.23,16.86,17.606453718148813
14,Bachelors,Backend Developer,Tier-2,Mid,9,Onsite,1,3.33,14.85,16.96608196555515
13,Diploma,Frontend Developer,Tier-1,Enterprise,3,Onsite,4,3.15,17.36,16.15050564135292
9,Masters,DevOps Engineer,Tier-2,Mid,14,Hybrid,5,4.79,17.82,19.45119928237891
17,Bachelors,Data Analyst,Tier-3,Enterprise,5,Onsite,1,3.95,16.61,16.462611843508192
11,Diploma,DevOps Engineer,Tier-1,Mid,5,Remote,0,4.28,15.91,17.15609836942184
1,Bachelors,Data Analyst,Tier-3,Enterprise,15,Onsite,4,3.85,8.21,10.164506161659324
16,Diploma,Backend Developer,Tier-3,Startup,12,Onsite,5,3.14,17.74,17.598679743047875
12,Bachelors,ML Engineer,Tier-2,Mid,14,Remote,5,3.99,19.81,19.994320450615696
13,Bachelors,Backend Developer,Tier-2,Mid,11,Remote,1,4.47,19.16,18.020830478626102
11,Bachelors,Frontend Developer,Tier-2,Enterprise,14,Onsite,4,3.61,15.43,16.751046578403333
11,Diploma,DevOps Engineer,Tier-2,Enterprise,3,Remote,4,4.94,16.52,17.46819898432426
1,Bachelors,ML Engineer,Tier-2,Mid,10,Hybrid,4,4.18,10.34,13.12993744176856
11,Bachelors,DevOps Engineer,Tier-1,Mid,6,Onsite,4,3.67,15.78,18.315771380355358
16,Diploma,Data Scientist,Tier-3,Startup,7,Remote,5,3.7,19.9,17.855860685765585
6,Bachelors,Data Scientist,Tier-2,Enterprise,5,Hybrid,2,3.61,16.38,13.746443038270092
12,Bachelors,ML Engineer,Tier-2,Startup,4,Onsite,0,2.5,15.25,15.231029354800047
0,Bachelors,Backend Developer,Tier-1,Mid,8,Hybrid,1,3.43,9.88,10.969575630015024
7,Bachelors,Frontend Developer,Tier-1,Mid,14,Onsite,5,3.68,15.54,15.652604749150434
9,Bachelors,Frontend Developer,Tier-1,Mid,10,Onsite,5,3.17,16.87,15.545465604665406
20,Diploma,Data Scientist,Tier-1,Startup,6,Remote,0,3.77,20.26,21.04439782819278
4,Bachelors,Data Scientist,Tier-1,Startup,8,Hybrid,2,3.52,13.83,13.67650381131852
5,Masters,DevOps Engineer,Tier-1,Enterprise,9,Hybrid,1,4.12,17.56,17.24850430251029
8,Diploma,ML Engineer,Tier-1,Mid,5,Hybrid,1,4.03,14.88,15.979843305001253
20,Bachelors,Data Scientist,Tier-1,Startup,9,Hybrid,3,3.63,22.25,22.913465506099907
17,Bachelors,DevOps Engineer,Tier-1,Mid,11,Onsite,3,2.41,21.57,21.165361641765617
0,Bachelors,ML Engineer,Tier-3,Startup,5,Remote,2,4.93,9.72,11.055463323330152
4,Bachelors,DevOps Engineer,Tier-1,Enterprise,10,Hybrid,2,3.39,16.08,15.481332026851776
17,Masters,DevOps Engineer,Tier-1,Startup,11,Hybrid,3,3.44,22.39,22.950813707258067
1,Masters,DevOps Engineer,Tier-1,Startup,9,Onsite,4,3.23,13.89,13.743920468175263
17,Bachelors,Backend Developer,Tier-1,Startup,6,Onsite,0,3.11,20.53,18.972298823504556
5,Bachelors,Frontend Developer,Tier-1,Mid,9,Onsite,0,4.74,13.4,13.470690082137331
19,Bachelors,DevOps Engineer,Tier-2,Mid,13,Onsite,2,4.61,24.01,22.77732974593657
6,Bachelors,Data Scientist,Tier-3,Mid,5,Onsite,2,3.86,10.19,12.387226925126601
9,Bachelors,Data Analyst,Tier-1,Mid,10,Hybrid,5,3.41,14.6,15.013808891736327
13,Bachelors,Data Scientist,Tier-2,Startup,11,Remote,5,4.0,18.91,18.711410387266334
2,Bachelors,Backend Developer,Tier-1,Startup,6,Onsite,3,3.56,14.09,11.858532010634345
11,Masters,Backend Developer,Tier-1,Startup,7,Onsite,0,3.35,14.54,17.074417797639725
10,Diploma,Data Analyst,Tier-1,Enterprise,14,Hybrid,0,3.77,15.17,15.471165031552017
16,Bachelors,Backend Developer,Tier-1,Startup,7,Onsite,2,3.15,20.79,19.093134979297112
20,Masters,Data Scientist,Tier-2,Enterprise,10,Remote,3,3.7,23.21,23.659625783837658
13,Bachelors,Backend Developer,Tier-2,Startup,4,Onsite,3,3.66,15.81,15.981259226008333
8,Diploma,Backend Developer,Tier-2,Startup,14,Onsite,0,3.98,14.12,13.887156075245095
8,Bachelors,Backend Developer,Tier-1,Startup,10,Onsite,5,3.0,16.02,15.81764988581948
8,Masters,ML Engineer,Tier-2,Startup,12,Remote,2,4.07,19.59,17.56729356110319
17,Diploma,ML Engineer,Tier-1,Mid,10,Onsite,3,2.77,21.21,20.994056238516066
6,Bachelors,Frontend Developer,Tier-1,Mid,6,Hybrid,0,3.04,13.8,12.077541218716679
3,Diploma,Frontend Developer,Tier-1,Startup,6,Onsite,4,3.08,9.98,10.13507943243216
7,Bachelors,Frontend Developer,Tier-2,Mid,11,Onsite,3,2.64,11.54,12.121345187423847
0,Bachelors,ML Engineer,Tier-3,Mid,14,Remote,1,4.31,11.83,12.19908465246015
2,Bachelors,ML Engineer,Tier-1,Enterprise,3,Onsite,1,2.72,11.38,12.659450173792319
1,Bachelors,Data Scientist,Tier-2,Enterprise,13,Onsite,2,2.94,12.43,11.76100203807832
16,Bachelors,Backend Developer,Tier-2,Mid,13,Hybrid,0,4.5,19.32,19.764615356375067
15,Masters,Data Analyst,Tier-2,Enterprise,3,Remote,5,3.04,16.02,16.903498187094037
14,Diploma,ML Engineer,Tier-1,Mid,3,Onsite,4,3.35,19.12,18.80149262467906
9,Masters,Data Scientist,Tier-2,Mid,11,Onsite,5,2.69,15.25,16.375603632819534
15,Bachelors,Backend Developer,Tier-2,Mid,13,Remote,2,4.17,20.51,19.43682396581459
3,Bachelors,DevOps Engineer,Tier-2,Startup,7,Hybrid,3,4.18,12.06,12.659154593195563
18,Masters,DevOps Engineer,Tier-1,Mid,10,Remote,2,4.09,25.65,23.99193813624076
10,Masters,ML Engineer,Tier-3,Enterprise,15,Hybrid,2,3.93,19.36,19.43002163609126
19,Bachelors,Data Analyst,Tier-1,Startup,6,Hybrid,3,3.56,20.11,19.164782274259977
3,Masters,Data Scientist,Tier-2,Enterprise,5,Onsite,2,3.08,13.02,12.470155617128002
10,Bachelors,Data Analyst,Tier-1,Enterprise,15,Onsite,4,2.85,17.17,16.421355560623727
14,Bachelors,Frontend Developer,Tier-1,Startup,5,Hybrid,0,4.53,17.63,17.3390036446239
10,PhD,DevOps Engineer,Tier-1,Mid,8,Hybrid,1,4.11,18.61,20.396783998053372
9,Bachelors,Backend Developer,Tier-1,Enterprise,8,Remote,5,2.95,18.53,17.208551492276378
3,Masters,Data Scientist,Tier-1,Enterprise,9,Hybrid,5,3.53,16.2,16.021147815531855
8,Bachelors,Data Analyst,Tier-1,Startup,5,Onsite,4,3.26,13.93,12.790917974811176
5,Masters,DevOps Engineer,Tier-1,Startup,11,Onsite,2,2.6,16.06,15.28772384583491
6,Bachelors,Data Scientist,Tier-1,Mid,11,Hybrid,2,3.64,14.72,15.68453384312315
14,Bachelors,Data Analyst,Tier-2,Startup,4,Onsite,0,3.17,12.42,13.310083893118604
13,Bachelors,Data Scientist,Tier-2,Startup,8,Hybrid,1,2.74,16.83,16.067819416804006
12,Bachelors,Data Scientist,Tier-2,Startup,2,Hybrid,4,2.32,14.42,14.701437451710223
7,Diploma,Backend Developer,Tier-1,Startup,5,Onsite,2,2.25,13.12,12.16668919242646
20,Diploma,DevOps Engineer,Tier-1,Mid,15,Hybrid,2,3.2,22.83,23.330548580240258
1,Bachelors,Data Scientist,Tier-3,Mid,9,Hybrid,0,3.43,10.78,9.710344571299885
7,Diploma,Frontend Developer,Tier-1,Mid,10,Remote,2,2.8,13.6,12.824661520757143
2,Bachelors,Data Analyst,Tier-1,Mid,14,Onsite,4,4.02,12.55,12.119435133635179
7,Masters,Data Analyst,Tier-3,Mid,11,Hybrid,3,3.45,11.7,12.43234345948937
20,Masters,Data Analyst,Tier-3,Startup,13,Onsite,3,3.96,20.02,19.96018163021226
7,Masters,DevOps Engineer,Tier-1,Startup,11,Hybrid,5,3.35,19.31,17.858950830748825
19,Bachelors,Backend Developer,Tier-2,Startup,8,Onsite,1,2.87,18.8,18.84383611105524
10,Masters,Frontend Developer,Tier-1,Startup,10,Remote,1,3.59,17.18,16.50784003288595
14,Bachelors,Data Analyst,Tier-2,Startup,6,Remote,3,2.49,14.35,13.948059415332386
9,Bachelors,Data Analyst,Tier-1,Startup,14,Hybrid,2,3.93,15.52,15.300279630972264
5,Bachelors,DevOps Engineer,Tier-1,Startup,4,Hybrid,5,2.75,15.98,13.9567616276353
16,Bachelors,Data Analyst,Tier-2,Mid,14,Onsite,0,4.23,19.04,17.457931600267326
20,Bachelors,Data Analyst,Tier-1,Mid,14,Hybrid,0,3.23,20.61,20.48317270507589
5,Bachelors,Backend Developer,Tier-2,Enterprise,3,Onsite,2,4.35,13.21,12.878534402244451
16,PhD,Backend Developer,Tier-1,Mid,11,Hybrid,2,2.6,21.14,22.12470521372671
5,Diploma,Data Scientist,Tier-2,Mid,15,Onsite,5,2.96,13.07,13.362220115433878
15,Diploma,ML Engineer,Tier-2,Startup,10,Hybrid,2,3.8,18.9,18.89174290274437
16,PhD,Frontend Developer,Tier-1,Mid,6,Onsite,2,4.44,22.29,21.482566070169348
9,Bachelors,ML Engineer,Tier-2,Startup,14,Hybrid,1,4.83,18.66,17.89805857901183
15,Bachelors,ML Engineer,Tier-1,Mid,9,Hybrid,2,3.53,19.81,21.154331799783336
5,Masters,Data Analyst,Tier-1,Mid,3,Onsite,3,4.97,14.33,13.32099100104775
1,Masters,ML Engineer,Tier-1,Mid,5,Onsite,3,3.27,13.7,13.598787097566813
2,Bachelors,Frontend Developer,Tier-2,Startup,11,Remote,3,4.38,10.06,10.907119287630607
9,Bachelors,Backend Developer,Tier-2,Mid,8,Hybrid,2,2.75,15.56,13.895725127956968
18,Bachelors,DevOps Engineer,Tier-3,Enterprise,5,Onsite,0,3.84,21.58,19.769294851472026
2,Diploma,Data Analyst,Tier-2,Mid,13,Onsite,0,1.63,7.02,6.465819603400031
9,Bachelors,Data Analyst,Tier-3,Mid,3,Onsite,0,2.6,10.35,9.495315252699822
14,Bachelors,Backend Developer,Tier-1,Mid,5,Hybrid,3,3.87,19.85,18.891876276457445
4,Bachelors,Data Scientist,Tier-3,Startup,8,Hybrid,5,2.45,12.71,11.144137886650274
15,Masters,Backend Developer,Tier-2,Mid,2,Onsite,5,3.84,19.64,18.536933499581266
6,Diploma,DevOps Engineer,Tier-1,Mid,7,Hybrid,1,4.23,12.98,14.90827806624441
16,Bachelors,ML Engineer,Tier-2,Startup,14,Hybrid,0,3.1,22.21,19.94529200194301
12,Bachelors,Backend Developer,Tier-1,Startup,15,Hybrid,3,2.72,19.55,18.37138203444478
11,Masters,Frontend Developer,Tier-1,Enterprise,14,Onsite,0,3.12,17.32,17.99544164621607
3,Bachelors,Data Analyst,Tier-1,Mid,6,Onsite,3,2.73,8.67,9.80371978602297
9,Bachelors,DevOps Engineer,Tier-1,Mid,2,Onsite,2,3.42,16.46,15.813676885102176
17,Bachelors,Data Scientist,Tier-1,Mid,13,Onsite,5,3.58,22.3,22.531407254889235
0,Bachelors,Frontend Developer,Tier-2,Mid,7,Onsite,3,3.26,8.81,8.115580284140876
15,Bachelors,Backend Developer,Tier-2,Mid,12,Onsite,4,4.84,21.13,20.08843071682982
10,Masters,Data Analyst,Tier-1,Startup,3,Onsite,2,2.92,12.88,13.737235652794
15,Bachelors,Frontend Developer,Tier-1,Mid,11,Hybrid,5,4.61,19.38,20.43489007225955
13,Masters,Data Scientist,Tier-1,Mid,10,Onsite,3,2.67,20.08,19.507835498027234
9,PhD,Backend Developer,Tier-1,Startup,14,Hybrid,3,3.56,18.71,19.690880863860404
6,Bachelors,DevOps Engineer,Tier-2,Mid,3,Onsite,2,4.45,13.99,13.68656970102857
13,Bachelors,DevOps Engineer,Tier-1,Startup,7,Hybrid,2,4.41,17.98,19.69725664169742
2,Diploma,DevOps Engineer,Tier-2,Mid,15,Onsite,5,3.16,11.94,12.402488116624674
12,Masters,ML Engineer,Tier-2,Mid,7,Hybrid,2,3.94,20.06,18.89128363874667
1,Bachelors,Backend Developer,Tier-2,Mid,11,Hybrid,0,3.84,11.3,10.61785782952887
13,Bachelors,Data Scientist,Tier-2,Mid,4,Onsite,2,3.07,15.16,15.957287536031435
13,Diploma,DevOps Engineer,Tier-1,Enterprise,12,Hybrid,2,3.99,18.73,20.461840761978976
1,Masters,ML Engineer,Tier-2,Mid,5,Onsite,2,4.99,13.63,13.318686649543775
15,Bachelors,Frontend Developer,Tier-2,Mid,10,Hybrid,0,3.88,17.8,16.884232793384314
8,Bachelors,ML Engineer,Tier-2,Mid,14,Onsite,0,3.95,16.93,16.45432884835465
16,Bachelors,Frontend Developer,Tier-2,Startup,11,Onsite,1,4.04,17.24,17.58798009024418
0,Masters,Data Scientist,Tier-2,Startup,8,Onsite,2,2.33,10.01,9.665153284877176
3,Bachelors,Frontend Developer,Tier-3,Mid,4,Remote,0,3.87,10.6,8.63972020238397
10,Bachelors,Data Analyst,Tier-1,Startup,6,Onsite,2,2.69,13.49,13.111769148373114
3,Masters,Data Analyst,Tier-2,Mid,13,Hybrid,1,3.03,8.27,10.44262990579692
6,Masters,ML Engineer,Tier-2,Mid,5,Onsite,0,5.0,16.11,15.610637744182826
13,Bachelors,ML Engineer,Tier-1,Mid,11,Onsite,1,3.3,22.27,19.8649608885615
3,Bachelors,Frontend Developer,Tier-3,Startup,8,Onsite,1,2.91,6.81,8.282539847233515
14,Masters,ML Engineer,Tier-1,Enterprise,6,Remote,0,4.42,22.85,22.247686537372648
2,Masters,Data Analyst,Tier-2,Mid,12,Hybrid,4,2.74,9.72,10.119691766882507
3,Bachelors,Data Scientist,Tier-1,Mid,7,Onsite,0,3.14,12.32,12.2726339095233
12,Bachelors,ML Engineer,Tier-1,Startup,6,Hybrid,3,4.5,19.9,19.79967318176401
16,Masters,Backend Developer,Tier-2,Mid,9,Onsite,3,3.53,21.16,19.65742772908567
3,Masters,Backend Developer,Tier-1,Startup,12,Onsite,4,2.25,13.51,13.541373450961
6,Masters,Data Scientist,Tier-1,Mid,14,Hybrid,3,3.94,19.28,17.707724688166074
19,Bachelors,Backend Developer,Tier-1,Startup,10,Onsite,3,3.18,21.37,21.53578235825854
20,Bachelors,Backend Developer,Tier-1,Enterprise,11,Onsite,4,4.73,24.57,24.93032642302515
12,Masters,Frontend Developer,Tier-2,Startup,13,Hybrid,5,3.02,16.2,16.868848224090414
9,Masters,Backend Developer,Tier-2,Mid,5,Onsite,1,4.34,13.27,15.376603250524296
7,Masters,Frontend Developer,Tier-1,Startup,5,Remote,4,4.92,16.27,15.803160399468448
12,Diploma,Data Scientist,Tier-2,Mid,8,Hybrid,2,2.82,17.58,15.230898376532357
12,Bachelors,Frontend Developer,Tier-1,Mid,10,Remote,0,3.35,17.21,16.438932809197023
6,Masters,Data Analyst,Tier-2,Mid,11,Hybrid,3,3.81,13.55,12.852742416040947
0,Diploma,Data Analyst,Tier-1,Startup,4,Remote,5,2.81,7.39,7.429666558149064
3,PhD,DevOps Engineer,Tier-1,Startup,12,Onsite,0,3.72,15.95,16.353595444167876
20,Bachelors,ML Engineer,Tier-1,Startup,7,Hybrid,0,3.32,23.62,22.625374126415043
8,Masters,Backend Developer,Tier-2,Enterprise,14,Hybrid,5,3.3,20.02,17.39803880815516
10,Masters,Backend Developer,Tier-1,Mid,12,Remote,3,3.54,20.61,18.75530354152942
9,Bachelors,Frontend Developer,Tier-1,Startup,15,Onsite,1,3.56,16.76,15.678256171112874
16,Bachelors,Data Scientist,Tier-2,Enterprise,10,Hybrid,4,3.63,20.84,20.593108122867413
1,Bachelors,Data Scientist,Tier-2,Startup,9,Hybrid,2,3.02,10.38,10.17886316075381
1,Bachelors,Data Analyst,Tier-1,Mid,4,Onsite,1,3.06,7.34,8.191971233207095
5,Bachelors,DevOps Engineer,Tier-2,Mid,7,Remote,1,3.41,11.34,12.936701004955081
10,Bachelors,Data Scientist,Tier-2,Enterprise,14,Onsite,3,3.46,16.35,17.54568100916193
14,Masters,Backend Developer,Tier-1,Mid,7,Onsite,0,3.15,18.8,18.785254325173057
10,Bachelors,ML Engineer,Tier-2,Mid,2,Hybrid,2,3.76,15.48,15.736116616868767
9,Bachelors,Data Analyst,Tier-1,Enterprise,5,Onsite,1,2.05,10.69,12.637215421397325
19,Bachelors,ML Engineer,Tier-2,Startup,10,Onsite,0,2.92,20.4,20.53919601397516
3,Bachelors,Data Analyst,Tier-1,Enterprise,10,Onsite,4,3.28,11.53,12.059995036873158
12,Bachelors,Data Scientist,Tier-2,Enterprise,15,Onsite,0,2.82,16.24,17.581199766345428
11,Bachelors,Data Analyst,Tier-1,Enterprise,15,Hybrid,5,4.8,18.51,19.076604232590995
9,Bachelors,Frontend Developer,Tier-1,Startup,9,Remote,0,3.52,14.32,14.515824422397776
16,Bachelors,Backend Developer,Tier-3,Startup,9,Hybrid,2,3.64,16.92,17.801300303083543
5,Masters,DevOps Engineer,Tier-1,Mid,13,Onsite,0,3.11,17.1,15.923150389314895
20,Bachelors,ML Engineer,Tier-2,Mid,2,Hybrid,2,3.49,18.81,20.95075757237963
6,Diploma,Data Scientist,Tier-3,Mid,10,Remote,3,2.53,9.14,11.71528658812979
11,Masters,Backend Developer,Tier-2,Enterprise,8,Hybrid,0,3.36,16.98,16.863201880860288
10,Masters,DevOps Engineer,Tier-1,Mid,12,Onsite,3,2.75,19.1,18.811407986397967
17,Bachelors,Backend Developer,Tier-2,Startup,13,Onsite,4,3.28,20.27,19.71468137138792
9,Bachelors,Data Analyst,Tier-1,Mid,11,Remote,2,1.45,12.34,12.84381396396465
5,Bachelors,Data Scientist,Tier-1,Startup,11,Remote,0,2.6,12.37,13.577188890545562
0,Bachelors,DevOps Engineer,Tier-2,Startup,11,Onsite,4,4.67,12.27,12.285144476914045
7,Bachelors,Backend Developer,Tier-2,Startup,10,Remote,1,4.16,13.54,14.030800867460195
17,Bachelors,DevOps Engineer,Tier-1,Enterprise,5,Onsite,0,4.56,24.08,22.11037488081583
0,Diploma,Backend Developer,Tier-1,Mid,5,Onsite,2,4.61,10.16,10.714206096648027
18,Bachelors,Data Analyst,Tier-2,Mid,12,Hybrid,1,4.04,18.47,18.37107763833474
11,Masters,DevOps Engineer,Tier-2,Mid,10,Hybrid,0,3.14,20.36,17.209736985068368
2,Bachelors,Frontend Developer,Tier-1,Mid,5,Onsite,4,2.67,10.14,10.128407448077347
6,Bachelors,Frontend Developer,Tier-2,Enterprise,14,Remote,3,4.42,15.62,14.734164334046431
11,Bachelors,DevOps Engineer,Tier-1,Enterprise,15,Remote,5,3.55,22.12,21.107291038058122
6,Bachelors,Data Scientist,Tier-1,Mid,10,Onsite,2,5.0,17.45,16.57717507808169
2,Bachelors,DevOps Engineer,Tier-2,Enterprise,5,Hybrid,2,3.21,12.22,11.703596954700703
13,Masters,Data Scientist,Tier-3,Mid,15,Hybrid,5,5.0,21.17,20.865676579460235
14,Masters,DevOps Engineer,Tier-1,Mid,5,Hybrid,0,3.37,19.97,19.723924172442835
2,Masters,Data Scientist,Tier-1,Enterprise,8,Remote,2,4.57,15.23,15.622026121956676
5,PhD,Backend Developer,Tier-1,Mid,14,Hybrid,4,4.86,19.4,19.148456061735132
5,PhD,Frontend Developer,Tier-2,Mid,9,Onsite,1,2.68,14.86,12.639219995338912
13,Masters,Data Analyst,Tier-1,Startup,5,Onsite,5,3.11,17.94,16.58306468062192
15,Diploma,Data Analyst,Tier-1,Mid,3,Remote,1,2.67,15.39,14.666137521728057
15,Bachelors,DevOps Engineer,Tier-3,Mid,7,Remote,2,2.52,18.25,17.175020182560463
19,Bachelors,Data Analyst,Tier-1,Mid,11,Onsite,5,4.03,20.24,21.070874841756982
16,Bachelors,Backend Developer,Tier-2,Mid,12,Onsite,1,3.34,18.38,18.622535623259797
6,Diploma,DevOps Engineer,Tier-1,Startup,5,Hybrid,5,3.54,15.42,14.556868833117937
2,Masters,Backend Developer,Tier-2,Enterprise,4,Onsite,0,3.94,13.5,11.590093995553985
12,Bachelors,ML Engineer,Tier-1,Startup,11,Onsite,1,2.01,16.79,17.910721795345232
19,Bachelors,ML Engineer,Tier-1,Enterprise,4,Remote,3,4.53,24.13,24.395924469129803
20,Bachelors,Backend Developer,Tier-1,Startup,2,Remote,3,3.22,23.55,20.84249343316966
4,Bachelors,Backend Developer,Tier-2,Mid,8,Remote,5,3.93,13.29,12.960580083574602
4,Bachelors,Backend Developer,Tier-2,Mid,9,Hybrid,5,4.0,15.44,13.14047557767448
0,Masters,Data Analyst,Tier-1,Enterprise,5,Onsite,4,4.6,11.55,11.654107415637705
2,Bachelors,Backend Developer,Tier-1,Startup,4,Remote,3,3.42,11.86,11.5707457981833
11,Masters,Frontend Developer,Tier-2,Enterprise,5,Onsite,1,1.8,13.51,13.768858390701045
11,Bachelors,Frontend Developer,Tier-1,Mid,6,Onsite,4,3.55,17.42,16.012936611012044
7,Bachelors,Data Analyst,Tier-1,Mid,2,Remote,3,3.66,14.13,12.28621383954247
6,Bachelors,Frontend Developer,Tier-2,Mid,2,Hybrid,0,2.67,8.41,9.406307794686949
17,Masters,Frontend Developer,Tier-1,Startup,7,Remote,4,3.62,20.2,20.465951950324673
9,Masters,Data Scientist,Tier-1,Mid,2,Onsite,2,3.21,17.32,16.10313576788993
16,Bachelors,DevOps Engineer,Tier-1,Startup,6,Remote,2,2.43,19.28,19.443383689014055
20,Masters,Backend Developer,Tier-1,Startup,10,Hybrid,2,4.04,23.03,23.745015925149193
6,Bachelors,ML Engineer,Tier-1,Mid,2,Hybrid,4,3.05,16.21,14.960976657314657
4,Masters,Frontend Developer,Tier-2,Mid,10,Remote,1,3.17,13.01,11.5125539563937
20,Bachelors,Backend Developer,Tier-2,Startup,10,Onsite,2,3.13,19.72,20.215812782195748
13,Bachelors,Backend Developer,Tier-1,Startup,10,Hybrid,0,4.49,19.01,18.907673040231167
6,Masters,Data Scientist,Tier-2,Startup,10,Hybrid,2,3.47,13.01,14.471244354258765
13,Bachelors,DevOps Engineer,Tier-1,Startup,13,Hybrid,0,3.56,18.34,19.602984542851672
10,Bachelors,DevOps Engineer,Tier-2,Mid,2,Remote,3,3.15,15.34,14.950313065774102
19,Bachelors,Data Analyst,Tier-1,Startup,4,Hybrid,5,3.87,19.81,19.516931295212444
5,Bachelors,Frontend Developer,Tier-2,Enterprise,6,Onsite,2,4.58,11.42,12.417601225135114
20,Masters,Data Analyst,Tier-1,Startup,11,Onsite,5,4.02,21.37,22.33016035847719
19,Masters,ML Engineer,Tier-1,Startup,14,Remote,5,4.05,25.08,26.188412604473303
3,Masters,DevOps Engineer,Tier-1,Enterprise,14,Remote,0,3.98,17.71,16.804368355767835
3,Bachelors,Data Scientist,Tier-1,Startup,10,Remote,3,2.4,10.4,12.789220387053227
11,Bachelors,ML Engineer,Tier-1,Mid,7,Onsite,3,2.8,16.84,18.029436099841504
0,Bachelors,Data Scientist,Tier-2,Enterprise,7,Onsite,2,3.34,8.34,10.46126953658506
6,Bachelors,Frontend Developer,Tier-2,Enterprise,2,Hybrid,4,2.92,12.04,11.320141189679688
9,Bachelors,ML Engineer,Tier-1,Mid,8,Hybrid,2,2.65,14.7,16.906752577610252
20,Masters,Backend Developer,Tier-2,Startup,9,Onsite,0,2.0,19.53,19.548568082778115
20,Masters,DevOps Engineer,Tier-2,Mid,4,Hybrid,3,2.42,23.33,21.031122770260133
3,Masters,Backend Developer,Tier-2,Enterprise,12,Onsite,1,3.29,15.38,13.259308699103519
18,Bachelors,Frontend Developer,Tier-2,Enterprise,13,Onsite,2,3.44,17.8,19.787659748157633
1,Bachelors,Data Analyst,Tier-2,Startup,6,Onsite,3,2.87,7.56,6.986584218204442
15,Bachelors,Data Scientist,Tier-1,Mid,14,Onsite,4,3.56,20.26,21.38496220741918
17,Bachelors,DevOps Engineer,Tier-2,Startup,3,Onsite,1,3.15,16.64,18.048544364930937
18,Bachelors,DevOps Engineer,Tier-3,Startup,14,Remote,2,4.37,21.29,21.51390040222692
4,Bachelors,Backend Developer,Tier-1,Mid,12,Hybrid,0,3.37,14.96,13.61739548588957
18,Bachelors,ML Engineer,Tier-1,Startup,5,Remote,2,4.06,23.02,22.33961310055576
2,Masters,Data Scientist,Tier-1,Startup,11,Onsite,3,3.66,13.39,14.324858853436853
10,Bachelors,DevOps Engineer,Tier-3,Startup,6,Onsite,3,2.38,14.61,13.897130932096289
9,Masters,Frontend Developer,Tier-1,Mid,13,Onsite,1,3.43,13.73,16.4196841551444
6,Bachelors,Data Scientist,Tier-2,Startup,4,Hybrid,0,2.51,10.12,11.078018761284387
0,Bachelors,Backend Developer,Tier-2,Mid,5,Onsite,3,3.41,8.2,9.102306048144813
16,Bachelors,Backend Developer,Tier-3,Startup,6,Hybrid,3,2.9,16.8,16.804860216256657
7,Bachelors,ML Engineer,Tier-1,Enterprise,4,Remote,0,3.81,16.46,16.53528296811767
13,Diploma,DevOps Engineer,Tier-2,Startup,6,Remote,3,2.43,15.3,15.592256909271564
8,Bachelors,Data Analyst,Tier-2,Mid,10,Onsite,0,3.51,11.62,11.706180216666384
7,Masters,Data Scientist,Tier-1,Startup,10,Hybrid,2,3.96,16.98,17.054025963281227
18,Bachelors,Data Analyst,Tier-2,Startup,9,Onsite,3,4.23,18.97,18.03708181485635
1,Bachelors,Frontend Developer,Tier-1,Startup,4,Onsite,4,2.89,9.74,9.341387697161368
15,Bachelors,Backend Developer,Tier-2,Startup,4,Hybrid,4,3.51,17.06,17.301033512457373
15,Bachelors,DevOps Engineer,Tier-1,Startup,14,Hybrid,4,3.65,22.25,21.85081585648677
7,Bachelors,Backend Developer,Tier-1,Mid,5,Hybrid,1,4.74,16.35,15.406392824509103
5,Bachelors,Data Analyst,Tier-1,Mid,3,Onsite,5,2.31,9.93,10.407855452959897
0,PhD,ML Engineer,Tier-1,Startup,8,Remote,2,2.77,14.37,14.30795927132831
19,Masters,Data Analyst,Tier-1,Mid,2,Remote,2,5.0,22.13,20.787356391615575
19,Masters,Frontend Developer,Tier-2,Mid,6,Onsite,4,3.28,18.46,19.513709555741993
5,Bachelors,Frontend Developer,Tier-1,Startup,13,Remote,1,1.99,14.27,11.926913921906298
0,Bachelors,DevOps Engineer,Tier-1,Mid,5,Onsite,0,3.03,8.99,10.664414815304633
2,Masters,ML Engineer,Tier-2,Startup,11,Hybrid,4,1.28,11.65,11.985836175823952
1,Bachelors,Data Scientist,Tier-2,Startup,8,Remote,3,3.69,9.82,10.884468333064422
17,Diploma,Data Analyst,Tier-1,Mid,6,Remote,3,4.15,21.11,18.08463477717858
18,Bachelors,ML Engineer,Tier-3,Enterprise,11,Remote,0,2.77,20.18,20.661845797193408
3,Masters,ML Engineer,Tier-1,Enterprise,10,Onsite,3,3.12,16.18,16.282091236855273
15,Bachelors,Frontend Developer,Tier-2,Enterprise,6,Remote,1,4.24,17.36,17.555329150949163
3,Masters,Frontend Developer,Tier-1,Mid,5,Hybrid,3,2.1,11.22,11.056684899227953
7,Masters,Data Analyst,Tier-2,Startup,14,Onsite,3,2.44,11.81,12.334125283638206
12,Bachelors,Data Scientist,Tier-3,Startup,4,Onsite,4,3.32,14.97,15.184225711985121
15,Masters,Backend Developer,Tier-2,Startup,15,Hybrid,5,2.9,15.76,19.99225969799052
18,Bachelors,ML Engineer,Tier-2,Startup,8,Hybrid,1,3.26,20.29,20.29015207026154
0,Bachelors,Data Analyst,Tier-2,Startup,15,Hybrid,0,2.49,7.33,7.241455460119033
4,Diploma,DevOps Engineer,Tier-1,Mid,6,Remote,3,3.67,14.71,13.643410134662041
5,PhD,Frontend Developer,Tier-2,Startup,9,Hybrid,5,3.38,15.38,14.043945326948437
6,Bachelors,Backend Developer,Tier-2,Startup,10,Onsite,0,3.94,12.57,12.85703305801968
20,Diploma,Data Scientist,Tier-3,Mid,6,Onsite,2,3.66,19.97,19.193968101474134
16,Bachelors,DevOps Engineer,Tier-1,Mid,5,Hybrid,2,3.67,19.27,20.55357816709387
6,Bachelors,Data Analyst,Tier-1,Enterprise,9,Hybrid,1,2.34,12.83,12.141846495191338
20,Bachelors,ML Engineer,Tier-2,Startup,11,Hybrid,3,3.89,22.24,22.947241844328115
10,Bachelors,Frontend Developer,Tier-1,Mid,5,Hybrid,1,3.24,13.23,14.47652545804637
10,Bachelors,DevOps Engineer,Tier-1,Startup,12,Hybrid,2,3.37,17.68,18.05569552332787
9,Masters,Data Scientist,Tier-1,Mid,10,Hybrid,5,4.34,21.23,19.4066459574749
3,Bachelors,Backend Developer,Tier-2,Startup,4,Remote,2,2.92,10.14,9.847678143740769
19,Masters,Data Scientist,Tier-1,Startup,15,Onsite,0,4.58,26.19,24.498729948266625
0,Bachelors,Data Analyst,Tier-1,Mid,2,Hybrid,5,4.66,8.99,9.739486721514844
3,Bachelors,ML Engineer,Tier-1,Startup,11,Hybrid,1,4.1,16.02,15.01225068497256
4,Bachelors,DevOps Engineer,Tier-2,Startup,8,Onsite,4,2.72,11.4,12.164790096162204
5,Bachelors,Frontend Developer,Tier-2,Enterprise,11,Hybrid,4,1.75,11.83,11.395024092003908
2,Masters,ML Engineer,Tier-1,Startup,12,Hybrid,3,4.36,16.53,16.3057915722327
0,Bachelors,Data Scientist,Tier-1,Mid,11,Hybrid,0,3.59,12.59,11.920588744518994
14,Bachelors,Data Analyst,Tier-2,Mid,11,Hybrid,5,2.9,16.43,15.872410348127474
20,Bachelors,Data Scientist,Tier-1,Startup,13,Onsite,4,4.44,23.57,24.463052852983363
2,Masters,Data Analyst,Tier-2,Mid,11,Onsite,2,2.81,10.31,9.41152863544707
6,Diploma,Data Scientist,Tier-1,Startup,13,Onsite,5,3.16,16.94,15.061388810923265
10,Bachelors,Frontend Developer,Tier-3,Mid,7,Onsite,4,3.92,13.26,13.742348398387572
19,Masters,Data Analyst,Tier-1,Startup,4,Hybrid,4,2.61,16.82,19.14126296471175
14,Masters,Data Analyst,Tier-2,Startup,5,Remote,1,3.41,15.69,15.117150406311328
16,PhD,Backend Developer,Tier-1,Startup,10,Hybrid,3,4.37,22.81,23.494412650558615
12,Bachelors,Data Scientist,Tier-3,Enterprise,9,Onsite,1,3.67,16.62,16.809273120236817
8,Bachelors,ML Engineer,Tier-3,Mid,3,Onsite,0,4.5,14.83,14.264048608937179
4,Bachelors,Data Analyst,Tier-2,Enterprise,4,Onsite,2,4.41,9.85,10.462018004576477
18,Masters,Data Scientist,Tier-1,Mid,15,Hybrid,0,3.51,23.07,23.387855684465485
16,Bachelors,ML Engineer,Tier-1,Mid,12,Onsite,0,1.63,19.78,19.968739454968436
0,Masters,Frontend Developer,Tier-2,Mid,12,Hybrid,4,2.62,11.69,9.80775342142028
15,Bachelors,ML Engineer,Tier-2,Enterprise,4,Hybrid,3,4.11,20.51,20.170689759405
1,Bachelors,Backend Developer,Tier-1,Mid,2,Hybrid,2,2.26,8.05,9.577406953090684
15,Masters,Backend Developer,Tier-1,Mid,6,Onsite,1,3.24,18.0,19.448753537914975
17,Bachelors,Data Scientist,Tier-1,Mid,13,Onsite,4,3.77,22.72,22.47897595046353
2,Masters,Data Scientist,Tier-2,Mid,9,Hybrid,3,4.68,12.46,13.662801282416945
9,Bachelors,ML Engineer,Tier-2,Startup,12,Hybrid,3,3.04,14.41,16.369083234192196
2,Bachelors,Data Analyst,Tier-2,Mid,8,Onsite,1,2.99,8.71,7.818309074009194
11,Bachelors,Frontend Developer,Tier-2,Startup,8,Remote,0,3.46,14.9,13.769776708325848
19,Bachelors,Backend Developer,Tier-1,Enterprise,10,Hybrid,0,3.78,22.08,22.597991954400033
1,Bachelors,Data Scientist,Tier-1,Mid,15,Onsite,0,3.38,13.11,12.879508823142885
8,Bachelors,ML Engineer,Tier-1,Enterprise,8,Onsite,5,4.34,19.65,19.202009491096405
20,Diploma,Data Scientist,Tier-2,Mid,10,Onsite,2,2.86,20.52,19.862514385729774
6,Bachelors,Backend Developer,Tier-1,Mid,14,Onsite,3,3.6,16.5,15.813193392548872
2,Bachelors,Frontend Developer,Tier-1,Startup,7,Onsite,5,3.86,8.65,11.534762212674949
10,Bachelors,Data Analyst,Tier-1,Enterprise,13,Hybrid,5,3.18,16.29,16.70900386208887
10,Diploma,ML Engineer,Tier-1,Mid,9,Onsite,1,4.17,18.02,17.7979340915077
13,Bachelors,Data Analyst,Tier-2,Startup,14,Remote,2,3.62,15.46,15.675194460037504
6,Bachelors,ML Engineer,Tier-1,Startup,8,Remote,2,4.13,16.35,16.41071344515685
20,Masters,Data Scientist,Tier-1,Startup,10,Onsite,0,3.66,24.11,23.29327503140781
10,Masters,ML Engineer,Tier-2,Mid,6,Onsite,4,3.8,18.27,17.794221193637092
6,Bachelors,ML Engineer,Tier-1,Mid,10,Hybrid,3,2.99,17.94,16.167791208336123
20,Bachelors,Data Scientist,Tier-1,Enterprise,6,Remote,2,3.0,24.22,22.690929491838354
19,Bachelors,ML Engineer,Tier-1,Mid,10,Remote,3,4.48,24.64,24.66415078329358
10,Bachelors,Frontend Developer,Tier-2,Mid,13,Onsite,4,4.01,15.68,15.578930412408777
0,Bachelors,Frontend Developer,Tier-1,Mid,8,Onsite,0,2.68,5.4,8.7117481013557
12,Bachelors,Data Analyst,Tier-2,Enterprise,8,Onsite,3,3.64,14.69,15.101695132839442
11,Bachelors,ML Engineer,Tier-3,Enterprise,6,Remote,5,1.6,14.61,15.980389015689516
3,Masters,DevOps Engineer,Tier-2,Startup,12,Hybrid,4,3.04,14.1,13.763228895504538
13,Bachelors,Backend Developer,Tier-1,Enterprise,10,Hybrid,3,4.27,20.6,20.43090590411508
17,Bachelors,Data Scientist,Tier-2,Mid,9,Hybrid,0,3.4,19.95,19.057441524238158
2,Masters,Backend Developer,Tier-1,Enterprise,2,Onsite,4,3.59,15.21,13.394491653343351
15,Masters,Data Analyst,Tier-1,Enterprise,3,Hybrid,4,1.09,16.12,16.46410688121779
2,Bachelors,Data Analyst,Tier-1,Mid,2,Onsite,2,3.19,11.53,8.705902732208838
15,Bachelors,Backend Developer,Tier-1,Startup,13,Hybrid,3,3.77,20.78,20.57809685001124
8,Bachelors,Backend Developer,Tier-1,Mid,13,Hybrid,3,3.87,15.49,17.10116562725902
0,Bachelors,Frontend Developer,Tier-1,Startup,2,Hybrid,0,4.27,8.34,8.910806846995175
20,PhD,ML Engineer,Tier-1,Mid,2,Onsite,1,3.33,24.43,24.4321937471075
3,Bachelors,DevOps Engineer,Tier-1,Startup,12,Remote,4,3.37,15.43,14.74960950872264
12,Bachelors,ML Engineer,Tier-2,Mid,9,Hybrid,5,2.43,16.61,17.60171320322982
3,Diploma,Frontend Developer,Tier-3,Enterprise,6,Onsite,1,3.34,8.03,8.510740870614814
19,Bachelors,Data Analyst,Tier-1,Startup,10,Onsite,2,2.49,18.54,18.585058885318244
15,Masters,Data Analyst,Tier-2,Mid,5,Hybrid,5,2.02,14.95,15.49302227734375
16,Bachelors,Frontend Developer,Tier-1,Mid,4,Onsite,0,2.63,17.83,16.655764493879698
9,Bachelors,DevOps Engineer,Tier-1,Mid,7,Onsite,1,4.71,18.44,17.673589709141048
9,Masters,DevOps Engineer,Tier-1,Startup,14,Onsite,0,3.28,19.49,18.19038917237394
13,Masters,Data Scientist,Tier-1,Startup,12,Onsite,1,3.68,19.59,20.08506621871483
16,Bachelors,Data Analyst,Tier-1,Mid,4,Onsite,3,3.09,18.46,16.848850683945873
17,Bachelors,DevOps Engineer,Tier-1,Mid,9,Hybrid,2,2.07,18.78,20.407585151493308
0,Bachelors,Backend Developer,Tier-1,Mid,14,Onsite,5,4.25,11.9,13.566802832612897
13,Bachelors,Data Scientist,Tier-1,Startup,15,Hybrid,5,1.76,17.47,18.976467651227143
2,Bachelors,Frontend Developer,Tier-1,Mid,12,Onsite,5,3.06,12.24,11.998177965143357
6,Bachelors,DevOps Engineer,Tier-1,Mid,3,Onsite,4,3.46,16.36,14.843213080386995
17,Masters,Data Scientist,Tier-1,Startup,5,Onsite,4,3.68,20.96,21.637760374004223
5,Masters,Frontend Developer,Tier-1,Mid,5,Hybrid,3,2.92,12.37,12.882519135894324
16,Masters,Frontend Developer,Tier-1,Startup,4,Remote,5,2.03,18.1,18.16245440185997
9,PhD,Backend Developer,Tier-1,Mid,4,Onsite,0,2.86,17.18,16.654797262697578
4,Masters,Backend Developer,Tier-1,Enterprise,6,Onsite,4,2.9,14.16,14.609302509831231
7,Masters,Data Scientist,Tier-1,Mid,9,Onsite,0,2.88,14.94,15.568764586482512
11,Masters,DevOps Engineer,Tier-3,Mid,7,Onsite,2,4.28,15.84,17.336196807897142
16,Bachelors,DevOps Engineer,Tier-1,Startup,7,Remote,1,2.53,18.78,19.495731422953003
12,Bachelors,DevOps Engineer,Tier-1,Startup,5,Onsite,3,3.74,19.62,18.263057292967837
19,Bachelors,Frontend Developer,Tier-1,Startup,4,Remote,4,3.63,20.52,20.03437912397045
18,Bachelors,Data Analyst,Tier-3,Mid,15,Hybrid,0,4.27,17.34,18.267102762229598
15,Bachelors,ML Engineer,Tier-2,Enterprise,10,Hybrid,3,3.39,22.39,20.638124758241027
12,Bachelors,ML Engineer,Tier-2,Startup,5,Remote,1,4.13,16.62,17.30758648361713
6,Bachelors,DevOps Engineer,Tier-3,Startup,13,Onsite,0,3.36,14.66,13.22229481416721
8,Bachelors,Backend Developer,Tier-1,Startup,13,Hybrid,2,3.85,18.15,16.607580597982285
2,Bachelors,Backend Developer,Tier-3,Mid,15,Onsite,3,2.3,10.36,10.409713481620216
7,Masters,Data Analyst,Tier-1,Mid,4,Remote,1,1.39,9.2,11.15398330368464
19,Masters,Frontend Developer,Tier-2,Mid,10,Hybrid,2,3.8,23.33,20.416061935319632
8,Bachelors,ML Engineer,Tier-1,Enterprise,15,Onsite,5,3.84,20.71,20.05191331562534
2,Diploma,Data Analyst,Tier-1,Startup,13,Remote,2,3.88,10.43,10.480147245500355
13,Bachelors,DevOps Engineer,Tier-3,Mid,5,Onsite,5,3.08,17.89,16.674021504053897
20,Masters,Data Scientist,Tier-1,Mid,14,Onsite,5,4.69,27.36,26.32369900284339
18,Masters,Data Analyst,Tier-3,Startup,7,Hybrid,2,3.13,18.26,16.93058154458965
5,Bachelors,Data Analyst,Tier-1,Enterprise,8,Onsite,3,3.84,12.11,13.05950258265289
9,Masters,ML Engineer,Tier-2,Startup,9,Remote,4,3.98,18.52,17.92138450526472
11,Bachelors,Data Analyst,Tier-3,Mid,12,Hybrid,2,4.87,13.46,14.874077584542428
5,Bachelors,DevOps Engineer,Tier-1,Mid,3,Hybrid,2,3.25,14.6,13.804406203065678
5,PhD,Backend Developer,Tier-3,Enterprise,9,Onsite,1,2.98,14.27,14.286915554153268
4,Bachelors,Data Scientist,Tier-2,Mid,13,Onsite,0,2.3,11.92,11.580023457623493
20,Bachelors,Data Analyst,Tier-2,Startup,9,Remote,0,4.74,19.24,19.125760838317976
15,Bachelors,ML Engineer,Tier-1,Enterprise,5,Onsite,2,3.84,21.23,21.349591824438324
17,Bachelors,Data Analyst,Tier-1,Mid,2,Hybrid,4,3.86,17.23,18.07628930896952
17,Masters,DevOps Engineer,Tier-2,Mid,9,Onsite,1,5.0,23.26,22.046793126158096
20,PhD,Data Scientist,Tier-1,Mid,11,Onsite,1,3.76,27.32,25.457683713419716
2,Diploma,ML Engineer,Tier-1,Startup,9,Hybrid,1,2.46,10.56,11.788132344575084
18,Bachelors,Data Analyst,Tier-1,Mid,15,Hybrid,3,3.34,21.11,20.343691296993015
1,Masters,Data Analyst,Tier-2,Enterprise,10,Hybrid,1,2.72,9.45,9.316821130543415
9,Bachelors,Data Scientist,Tier-1,Startup,9,Remote,1,3.18,16.09,16.13116840868865
12,Masters,Data Analyst,Tier-2,Mid,2,Onsite,0,3.18,11.13,13.08562020769386
7,Bachelors,Frontend Developer,Tier-3,Enterprise,9,Onsite,1,3.03,10.22,11.810449466168983
3,Bachelors,DevOps Engineer,Tier-1,Mid,4,Onsite,1,2.39,10.8,11.765299328071613
4,Masters,DevOps Engineer,Tier-1,Enterprise,12,Hybrid,4,4.77,16.34,18.509187876818174
17,Bachelors,Data Scientist,Tier-2,Mid,4,Onsite,5,3.74,21.34,19.40794051963708
6,Bachelors,Frontend Developer,Tier-1,Enterprise,14,Hybrid,2,3.32,15.5,15.05618050955413
6,Bachelors,Backend Developer,Tier-2,Startup,6,Onsite,0,4.11,12.18,12.267719938134068
19,Bachelors,Data Analyst,Tier-2,Mid,8,Remote,0,3.88,15.5,17.877388275838282
3,Bachelors,Data Analyst,Tier-2,Mid,4,Remote,1,3.72,6.53,8.484698485264975
19,Bachelors,Backend Developer,Tier-1,Mid,4,Remote,2,4.05,21.56,21.441545789651848
19,PhD,ML Engineer,Tier-2,Enterprise,14,Onsite,3,3.61,29.4,26.008575063765047
12,PhD,Data Analyst,Tier-2,Mid,5,Remote,1,4.04,14.87,16.25699216190277
3,Bachelors,DevOps Engineer,Tier-1,Mid,9,Onsite,2,4.1,15.47,14.446693566970312
3,Diploma,Frontend Developer,Tier-2,Mid,15,Onsite,1,3.63,9.94,10.28329661355563
5,Masters,Backend Developer,Tier-2,Mid,10,Onsite,3,3.32,13.8,13.652564163756486
12,PhD,DevOps Engineer,Tier-2,Mid,2,Onsite,4,4.72,21.76,19.851583995153433
3,Bachelors,DevOps Engineer,Tier-1,Startup,7,Hybrid,0,3.12,12.02,12.639952472764737
9,Bachelors,DevOps Engineer,Tier-1,Mid,7,Onsite,2,3.81,16.28,17.09002182323428
2,Bachelors,Data Scientist,Tier-1,Enterprise,5,Onsite,3,3.83,15.21,13.441532088632897
11,Diploma,DevOps Engineer,Tier-1,Mid,5,Hybrid,4,3.01,16.68,16.840771792827834
0,Bachelors,Backend Developer,Tier-1,Mid,9,Remote,3,2.85,12.5,11.148889496871387
14,Bachelors,Frontend Developer,Tier-3,Mid,7,Hybrid,3,3.22,14.57,15.215490674508155
1,Masters,DevOps Engineer,Tier-1,Mid,6,Hybrid,4,3.11,15.33,13.473485054641195
4,Masters,Data Analyst,Tier-2,Startup,7,Onsite,2,2.33,9.27,9.078221407913533
3,Masters,ML Engineer,Tier-1,Mid,6,Remote,3,2.98,15.63,14.824130781618733
17,Bachelors,Data Analyst,Tier-1,Mid,5,Onsite,1,3.71,17.97,17.690022351191462
1,Bachelors,Data Scientist,Tier-1,Startup,8,Onsite,2,4.51,12.06,12.786157561777157
9,Masters,ML Engineer,Tier-1,Startup,15,Onsite,0,3.94,19.41,19.497215629203893
12,Masters,DevOps Engineer,Tier-2,Mid,9,Hybrid,2,1.42,16.18,16.474514420068942
10,Bachelors,DevOps Engineer,Tier-3,Mid,10,Onsite,0,4.01,16.73,15.683992841216556
14,Masters,ML Engineer,Tier-2,Mid,15,Hybrid,1,3.05,20.44,20.445906139042144
16,Bachelors,Data Scientist,Tier-1,Startup,10,Onsite,2,3.86,18.9,20.75945179378457
8,Masters,Backend Developer,Tier-2,Mid,5,Onsite,3,3.49,12.62,14.514802330591886
17,Diploma,DevOps Engineer,Tier-1,Mid,7,Onsite,5,3.35,18.64,20.872448164623368
6,Bachelors,DevOps Engineer,Tier-3,Mid,8,Onsite,0,3.42,13.23,12.602089242688665
20,Bachelors,Data Scientist,Tier-1,Mid,8,Onsite,5,3.48,21.91,23.15178657469679
10,Diploma,Data Scientist,Tier-1,Startup,4,Hybrid,1,4.58,16.19,16.097098224042647
15,Diploma,Frontend Developer,Tier-1,Enterprise,3,Hybrid,4,3.48,17.92,17.677622940554308
18,Diploma,Data Scientist,Tier-1,Startup,6,Onsite,4,4.37,20.96,21.17265566892054
16,Bachelors,Data Scientist,Tier-1,Mid,14,Hybrid,5,4.25,23.51,22.911536259923178
17,Masters,Data Analyst,Tier-3,Startup,12,Onsite,0,4.03,17.42,17.532652368377676
11,Diploma,ML Engineer,Tier-2,Mid,13,Onsite,5,2.07,13.02,16.496364795474246
0,Bachelors,ML Engineer,Tier-3,Startup,4,Onsite,0,4.39,9.06,9.732671046846834
10,Masters,Backend Developer,Tier-1,Enterprise,7,Onsite,5,3.13,19.18,18.49725722297518
3,Bachelors,Data Scientist,Tier-2,Mid,10,Onsite,3,4.07,14.8,12.73158143609956
18,Bachelors,Frontend Developer,Tier-1,Mid,8,Hybrid,2,2.72,21.4,19.154747309146366
4,Masters,Frontend Developer,Tier-1,Startup,7,Onsite,2,2.55,10.1,11.760348625601061
4,Masters,ML Engineer,Tier-1,Startup,7,Hybrid,0,5.0,15.87,16.375508494786068
5,Bachelors,Data Scientist,Tier-1,Mid,2,Onsite,4,2.73,11.16,12.960186545159539
13,Masters,Backend Developer,Tier-2,Mid,14,Hybrid,4,4.42,22.03,20.107549832279297
11,Diploma,Frontend Developer,Tier-1,Mid,15,Hybrid,5,3.59,18.72,17.241593290000587
19,Bachelors,ML Engineer,Tier-1,Enterprise,3,Onsite,4,3.16,23.69,22.997524993970856
8,Masters,Data Scientist,Tier-2,Mid,7,Onsite,5,3.46,16.25,15.778104637186365
5,Bachelors,Backend Developer,Tier-1,Enterprise,9,Hybrid,5,2.46,16.36,14.704213901154878
1,Masters,ML Engineer,Tier-3,Startup,12,Remote,2,3.49,13.99,12.584624590868337
0,Bachelors,ML Engineer,Tier-1,Mid,15,Remote,4,2.63,15.21,13.789241710631273
7,Masters,ML Engineer,Tier-2,Mid,7,Onsite,1,3.18,15.94,15.119405519701447
19,Bachelors,Data Scientist,Tier-2,Mid,12,Hybrid,4,4.24,22.1,22.34790027658735
10,Bachelors,Frontend Developer,Tier-2,Enterprise,15,Onsite,3,3.7,17.33,16.248786597013307
18,Bachelors,ML Engineer,Tier-2,Mid,13,Onsite,2,2.31,21.77,20.701617986240905
2,Bachelors,ML Engineer,Tier-2,Enterprise,6,Hybrid,3,4.18,13.51,13.510741469711622
1,Masters,Backend Developer,Tier-2,Mid,13,Hybrid,1,3.49,11.43,11.873397240649357
17,Bachelors,ML Engineer,Tier-1,Startup,7,Hybrid,3,3.07,22.67,21.432365621333915
2,Diploma,Data Analyst,Tier-1,Mid,2,Remote,2,4.1,11.22,8.890873510979896
1,Bachelors,DevOps Engineer,Tier-2,Mid,12,Onsite,1,3.37,10.56,11.43684402716055
8,Bachelors,Data Analyst,Tier-1,Enterprise,13,Hybrid,5,2.57,14.61,15.071282061999712
19,Masters,Backend Developer,Tier-1,Enterprise,6,Onsite,0,4.98,24.27,23.766748025850365
14,Bachelors,Data Scientist,Tier-1,Startup,8,Onsite,4,3.49,19.98,19.411174869122146
2,PhD,Data Scientist,Tier-1,Startup,7,Onsite,1,3.43,13.52,14.345742906935353
17,Bachelors,Data Analyst,Tier-1,Startup,3,Remote,1,3.18,19.28,16.799843182537487
17,Bachelors,DevOps Engineer,Tier-2,Mid,15,Onsite,0,4.44,22.03,21.459289055527833
16,Bachelors,ML Engineer,Tier-2,Startup,2,Onsite,0,3.08,18.14,17.562380602090432
18,Bachelors,ML Engineer,Tier-2,Mid,9,Hybrid,0,2.26,21.76,19.610190234212737
5,Masters,Frontend Developer,Tier-1,Mid,2,Remote,4,2.96,12.31,12.652989690392108
20,PhD,Data Analyst,Tier-1,Enterprise,11,Remote,5,4.56,24.78,25.488478780286353
6,Masters,Backend Developer,Tier-2,Startup,14,Hybrid,3,4.17,14.01,15.588387034498046
16,Bachelors,ML Engineer,Tier-1,Mid,11,Onsite,0,3.3,21.01,21.27928255847041
12,Bachelors,Backend Developer,Tier-2,Startup,10,Hybrid,5,4.6,16.27,17.975496889978533
16,Bachelors,Data Analyst,Tier-1,Enterprise,13,Remote,3,4.1,21.27,20.42996613428283
13,Bachelors,DevOps Engineer,Tier-3,Startup,15,Remote,3,3.29,18.64,18.226242037739503
13,Masters,Data Scientist,Tier-1,Startup,14,Remote,5,3.37,21.02,21.27710620956021
12,Bachelors,Frontend Developer,Tier-2,Startup,5,Onsite,2,3.76,14.46,14.264799933734853
16,Bachelors,Frontend Developer,Tier-2,Enterprise,9,Onsite,2,2.83,18.51,17.40834333190607
15,Masters,ML Engineer,Tier-1,Startup,13,Hybrid,4,3.5,21.71,23.036903023967266
2,Masters,Data Analyst,Tier-2,Mid,6,Onsite,3,3.75,9.69,9.549190733156664
17,Diploma,Data Scientist,Tier-1,Mid,11,Onsite,4,2.15,20.52,19.818423060470135
11,Diploma,Frontend Developer,Tier-2,Mid,2,Onsite,4,3.35,10.93,12.655382183513954
6,Bachelors,DevOps Engineer,Tier-2,Startup,14,Hybrid,5,3.26,16.04,15.2150400270371
10,Bachelors,DevOps Engineer,Tier-1,Startup,10,Remote,1,4.32,16.31,18.38146208199542
20,Bachelors,Data Scientist,Tier-1,Mid,12,Hybrid,0,2.02,21.43,21.612622596845483
18,Bachelors,Backend Developer,Tier-2,Startup,13,Remote,2,3.19,18.64,19.942874580942068
17,Masters,Data Analyst,Tier-1,Mid,5,Hybrid,3,3.11,20.29,18.71366142942099
9,Masters,Frontend Developer,Tier-2,Mid,8,Hybrid,4,4.27,14.26,15.455034914935078
16,Bachelors,ML Engineer,Tier-2,Mid,14,Onsite,1,3.47,18.68,20.612185677633263
8,Bachelors,Frontend Developer,Tier-2,Startup,4,Hybrid,4,4.94,14.04,13.539282720461767
14,Bachelors,Frontend Developer,Tier-1,Mid,13,Onsite,4,4.03,19.14,19.377648413662907
13,Bachelors,DevOps Engineer,Tier-2,Startup,6,Onsite,4,3.17,15.37,17.107940688745572
5,Bachelors,ML Engineer,Tier-3,Mid,10,Onsite,4,3.69,14.67,14.089825788787058
5,Bachelors,ML Engineer,Tier-1,Startup,9,Remote,5,3.22,13.48,15.903193039667114
1,Bachelors,Backend Developer,Tier-1,Enterprise,11,Hybrid,3,4.19,12.68,13.996842914508397
2,Diploma,Data Analyst,Tier-1,Mid,13,Remote,2,2.43,9.02,9.434316947883923
9,Diploma,Data Analyst,Tier-1,Startup,6,Remote,2,2.84,13.43,12.070302081182305
10,Bachelors,Backend Developer,Tier-2,Startup,4,Remote,4,3.86,16.68,14.95451164428316
3,Masters,Frontend Developer,Tier-1,Startup,7,Onsite,1,4.48,13.99,12.720913243989799
8,Bachelors,Backend Developer,Tier-2,Startup,10,Remote,3,1.74,12.76,12.853935501244006
12,Bachelors,Frontend Developer,Tier-1,Startup,12,Remote,3,4.6,15.71,18.34429052595066
4,Masters,Data Scientist,Tier-1,Enterprise,12,Remote,3,3.39,17.39,16.620536230617102
7,Bachelors,ML Engineer,Tier-1,Mid,6,Onsite,2,1.99,16.46,14.713232712849196
7,Bachelors,Backend Developer,Tier-2,Startup,15,Onsite,4,1.1,14.16,12.676192630557477
10,Masters,ML Engineer,Tier-2,Mid,3,Remote,0,2.28,16.09,15.19435580337011
7,Diploma,Data Analyst,Tier-1,Startup,3,Onsite,4,3.48,10.2,11.232938358383276
15,Bachelors,Data Analyst,Tier-2,Enterprise,2,Onsite,4,3.45,15.09,15.678684453783154
6,Bachelors,DevOps Engineer,Tier-1,Startup,14,Onsite,5,4.01,19.59,17.344860686543264
9,Bachelors,Backend Developer,Tier-1,Mid,4,Onsite,5,3.06,13.94,15.557695640554208
7,Bachelors,Data Scientist,Tier-1,Mid,10,Onsite,2,2.61,13.59,14.98192637538541
3,Bachelors,Data Scientist,Tier-3,Startup,13,Remote,0,3.17,12.07,11.125504053209927
14,Diploma,Data Analyst,Tier-2,Startup,12,Remote,3,3.53,15.15,15.153453287641783
4,Bachelors,DevOps Engineer,Tier-2,Mid,15,Remote,0,3.68,12.55,13.893470833201148
6,Bachelors,Data Analyst,Tier-1,Enterprise,2,Onsite,1,2.87,12.84,11.178603794672544
16,Bachelors,Frontend Developer,Tier-1,Mid,7,Onsite,4,4.22,20.38,19.526753416354044
19,Bachelors,Data Scientist,Tier-2,Mid,9,Onsite,3,3.0,20.03,20.318104813084624
14,Masters,ML Engineer,Tier-1,Mid,11,Onsite,3,2.8,20.25,21.383615216580786
19,Bachelors,Data Scientist,Tier-3,Enterprise,10,Onsite,4,3.07,23.48,20.944642344106306
17,Bachelors,Frontend Developer,Tier-2,Mid,9,Hybrid,0,4.36,18.45,18.220105383456513
10,Diploma,Data Analyst,Tier-1,Mid,6,Remote,4,3.39,15.89,13.806925320546194
16,Bachelors,ML Engineer,Tier-2,Mid,3,Hybrid,3,2.94,19.9,18.683509147126664
6,Bachelors,Data Scientist,Tier-3,Startup,8,Onsite,2,4.24,12.25,13.030775531828574
9,Bachelors,Data Scientist,Tier-1,Enterprise,5,Onsite,2,5.0,17.54,18.086508683344597
11,Bachelors,Data Scientist,Tier-2,Startup,9,Onsite,3,3.67,18.08,16.30003193281189
20,Masters,DevOps Engineer,Tier-3,Startup,13,Onsite,3,4.49,25.25,23.517137973581665
17,Masters,ML Engineer,Tier-1,Enterprise,9,Hybrid,2,4.33,23.01,24.73726206081906
10,Diploma,ML Engineer,Tier-2,Startup,10,Onsite,1,3.02,15.35,15.101949313548936
13,Bachelors,ML Engineer,Tier-1,Startup,2,Hybrid,1,3.52,17.97,18.28061396678976
4,Bachelors,DevOps Engineer,Tier-2,Startup,11,Remote,2,2.47,11.04,12.260205526382595
16,Bachelors,ML Engineer,Tier-2,Mid,8,Onsite,1,3.34,19.78,19.383343197413296
11,Bachelors,ML Engineer,Tier-2,Enterprise,3,Onsite,3,3.0,15.35,16.668170509797072
11,Masters,Data Scientist,Tier-1,Startup,4,Onsite,5,3.18,17.44,17.95320335553784
16,Masters,Data Scientist,Tier-2,Startup,12,Onsite,0,2.9,18.23,19.202481942677093
13,Masters,Data Analyst,Tier-1,Mid,14,Hybrid,1,3.27,17.03,17.897716614267186
1,Bachelors,Backend Developer,Tier-1,Enterprise,9,Remote,0,3.93,12.65,12.79346698738281
6,PhD,Data Analyst,Tier-1,Startup,15,Remote,5,3.4,14.62,16.499458181204236
3,Diploma,Data Scientist,Tier-2,Enterprise,4,Hybrid,4,2.01,11.82,10.097510873411302
15,Bachelors,Data Scientist,Tier-1,Enterprise,6,Onsite,1,2.9,20.09,19.442054582283617
0,Bachelors,Data Scientist,Tier-1,Startup,15,Onsite,2,2.28,13.53,11.54072323805902
4,Masters,Frontend Developer,Tier-2,Enterprise,4,Onsite,4,3.7,12.11,12.133764351711456
12,Bachelors,Backend Developer,Tier-1,Mid,11,Onsite,5,3.9,18.65,19.24488590590886
14,Masters,DevOps Engineer,Tier-1,Mid,5,Remote,3,3.71,23.17,20.76457928302098
10,Bachelors,ML Engineer,Tier-1,Mid,6,Onsite,1,2.87,16.19,16.915835069367365
18,PhD,DevOps Engineer,Tier-1,Enterprise,8,Onsite,4,3.7,26.26,25.721766368052254
19,Bachelors,Data Analyst,Tier-2,Mid,7,Onsite,4,3.12,18.86,17.69329545281887
2,Bachelors,Backend Developer,Tier-1,Mid,14,Onsite,3,2.59,11.19,12.725862228947761
20,PhD,Frontend Developer,Tier-1,Enterprise,15,Remote,0,4.09,26.3,25.582772929602065
12,Bachelors,Backend Developer,Tier-3,Mid,9,Onsite,4,4.15,17.33,16.63363061966249
13,Bachelors,DevOps Engineer,Tier-2,Enterprise,9,Onsite,0,4.26,20.5,18.802434913621152
1,Bachelors,Data Scientist,Tier-2,Enterprise,2,Onsite,5,3.01,11.75,10.452205801715566
13,Bachelors,Data Analyst,Tier-2,Startup,5,Remote,5,4.44,17.38,15.409025662388842
15,Bachelors,Frontend Developer,Tier-3,Startup,2,Hybrid,3,3.11,14.54,14.48257101045904
12,Bachelors,Data Analyst,Tier-1,Mid,13,Hybrid,3,4.02,16.37,17.30812009249575
1,Bachelors,Frontend Developer,Tier-2,Enterprise,5,Onsite,0,3.09,10.89,8.269643582182944
10,Masters,Frontend Developer,Tier-2,Startup,6,Onsite,5,3.32,12.97,14.608277656336462
19,Bachelors,DevOps Engineer,Tier-1,Mid,13,Remote,1,1.56,19.98,21.629214273946836
15,Bachelors,ML Engineer,Tier-1,Startup,11,Onsite,1,3.26,21.16,20.667388620494997
2,Bachelors,DevOps Engineer,Tier-1,Mid,10,Onsite,4,3.57,16.04,14.05693882348187
20,Bachelors,Data Scientist,Tier-2,Mid,2,Hybrid,5,3.17,20.78,20.30371433425166
20,Bachelors,ML Engineer,Tier-2,Startup,9,Onsite,2,4.9,24.3,23.118335426764673
3,Masters,Data Analyst,Tier-2,Enterprise,9,Onsite,3,2.57,7.7,10.393400871374213
16,Masters,Frontend Developer,Tier-1,Startup,6,Remote,3,3.05,18.53,19.001684145896498
8,Bachelors,Frontend Developer,Tier-1,Enterprise,12,Onsite,1,2.78,12.69,14.930125115857116
12,Bachelors,Frontend Developer,Tier-1,Startup,15,Onsite,3,3.05,18.43,17.303618164749523
9,Bachelors,Frontend Developer,Tier-1,Enterprise,5,Onsite,5,4.33,14.77,16.45694653787891
16,Bachelors,Data Scientist,Tier-3,Mid,6,Hybrid,2,4.68,17.35,18.903871739079705
20,Bachelors,Data Analyst,Tier-2,Startup,6,Onsite,4,2.94,18.59,17.63926625940642
16,Bachelors,DevOps Engineer,Tier-3,Startup,13,Onsite,4,2.92,20.34,19.175167356812096
19,Bachelors,ML Engineer,Tier-2,Startup,3,Hybrid,5,2.57,20.06,20.181238143540963
19,Bachelors,Data Analyst,Tier-3,Mid,14,Hybrid,4,4.55,20.53,19.76868375395663
1,Bachelors,DevOps Engineer,Tier-1,Enterprise,12,Remote,5,4.4,16.71,15.856002754781564
5,Bachelors,DevOps Engineer,Tier-1,Mid,8,Onsite,4,3.42,14.98,15.188725430035703
15,Diploma,ML Engineer,Tier-1,Mid,10,Onsite,5,2.38,18.4,19.998661151784624
12,Bachelors,Frontend Developer,Tier-1,Mid,14,Hybrid,4,2.45,18.1,17.19663704654431
1,Masters,Data Analyst,Tier-1,Mid,12,Hybrid,5,3.64,12.73,12.201068824329248
1,Bachelors,Data Analyst,Tier-1,Mid,5,Onsite,5,3.94,11.29,10.056163657267769
10,Bachelors,Data Scientist,Tier-3,Mid,2,Hybrid,5,1.85,13.44,13.021223027697406
12,Bachelors,Backend Developer,Tier-1,Mid,11,Onsite,3,3.24,16.82,18.208418849246506
3,Masters,Data Analyst,Tier-3,Enterprise,4,Remote,4,4.79,11.76,11.24250197127725
3,Bachelors,Data Analyst,Tier-2,Mid,3,Remote,5,3.33,9.18,8.840461246706083
2,Masters,Frontend Developer,Tier-2,Startup,15,Onsite,2,4.69,11.92,12.470990593402206
11,Masters,Frontend Developer,Tier-2,Startup,8,Remote,0,4.02,15.01,15.247044432347009
0,Bachelors,Frontend Developer,Tier-1,Mid,11,Remote,5,2.63,10.02,10.544716129047119
12,Bachelors,Frontend Developer,Tier-2,Startup,5,Onsite,3,3.27,15.45,14.0484991859074
9,Diploma,Frontend Developer,Tier-1,Enterprise,3,Onsite,2,3.4,12.05,13.746592555509666
9,Masters,Backend Developer,Tier-3,Mid,2,Hybrid,4,2.74,12.35,13.551696096057277
14,Bachelors,Backend Developer,Tier-1,Mid,6,Onsite,0,2.72,16.81,17.239038503087666
10,Masters,DevOps Engineer,Tier-1,Mid,2,Onsite,2,4.71,20.63,18.49050924985989
15,Bachelors,ML Engineer,Tier-2,Startup,7,Onsite,1,2.72,19.04,17.843873700188475
16,Diploma,Data Analyst,Tier-2,Enterprise,6,Remote,1,4.36,14.62,16.483015016412374
19,Diploma,Frontend Developer,Tier-1,Startup,9,Onsite,5,3.15,21.69,19.70700749499433
16,Bachelors,Data Scientist,Tier-2,Mid,10,Hybrid,3,3.48,21.19,19.436736891183834
10,Bachelors,DevOps Engineer,Tier-1,Enterprise,6,Onsite,0,3.95,16.6,17.929801833497915
10,Diploma,ML Engineer,Tier-2,Mid,8,Onsite,2,3.02,11.9,15.206821564594264
4,Masters,DevOps Engineer,Tier-1,Enterprise,3,Remote,1,3.95,15.87,15.506388207202491
12,Masters,Data Analyst,Tier-1,Mid,6,Onsite,5,1.86,16.6,15.356137758294322
2,Bachelors,Backend Developer,Tier-1,Enterprise,15,Onsite,1,3.85,16.18,14.394055895450514
19,Bachelors,ML Engineer,Tier-1,Mid,15,Onsite,2,1.53,21.45,22.517564548806202
17,Diploma,ML Engineer,Tier-1,Mid,8,Hybrid,2,3.32,22.77,21.033518169928122
2,Masters,Data Scientist,Tier-1,Startup,15,Onsite,1,4.18,12.26,15.086999151799318
16,Bachelors,DevOps Engineer,Tier-1,Startup,9,Onsite,4,4.0,21.17,21.642781212951153
2,Masters,ML Engineer,Tier-1,Mid,3,Onsite,3,2.46,12.77,13.048063228655959
15,Bachelors,DevOps Engineer,Tier-1,Startup,14,Onsite,2,2.56,21.56,20.288954110379724
1,Bachelors,ML Engineer,Tier-1,Mid,7,Onsite,2,2.95,13.99,12.484674052576677
10,Bachelors,Data Analyst,Tier-2,Enterprise,10,Hybrid,4,3.65,15.86,14.752990567555878
13,Bachelors,DevOps Engineer,Tier-3,Enterprise,11,Onsite,0,1.87,14.77,16.388763064650544
15,Masters,Data Scientist,Tier-1,Startup,6,Onsite,5,3.49,21.87,20.784290371962783
8,Bachelors,Data Scientist,Tier-3,Enterprise,12,Hybrid,3,3.75,16.43,15.839999664864552
19,Bachelors,DevOps Engineer,Tier-1,Startup,9,Hybrid,1,3.27,19.98,22.098143761887144
16,Masters,DevOps Engineer,Tier-1,Mid,7,Onsite,3,3.92,19.95,22.206369601505504
4,Masters,DevOps Engineer,Tier-2,Enterprise,6,Onsite,5,3.68,16.72,14.904616408937198
14,Masters,ML Engineer,Tier-2,Startup,12,Onsite,1,3.07,19.36,19.514372277581558
15,Bachelors,Frontend Developer,Tier-2,Startup,5,Remote,3,1.95,13.59,14.711447483436748
7,Bachelors,Data Scientist,Tier-1,Startup,3,Onsite,3,3.61,14.26,14.549496287190612
15,Masters,Frontend Developer,Tier-2,Mid,14,Onsite,4,2.74,18.97,18.33058117299563
18,Bachelors,Backend Developer,Tier-1,Enterprise,6,Onsite,3,3.04,21.11,21.17554769376892
17,Bachelors,Data Analyst,Tier-1,Startup,10,Onsite,4,3.88,17.53,19.184140641955537
16,Masters,ML Engineer,Tier-1,Startup,12,Onsite,4,4.63,26.6,24.26916633245226
13,Bachelors,ML Engineer,Tier-3,Mid,13,Onsite,5,3.47,20.24,19.036779692140207
5,Bachelors,Data Scientist,Tier-1,Startup,10,Hybrid,2,3.94,14.44,14.96917597280801
16,PhD,ML Engineer,Tier-2,Mid,11,Hybrid,4,2.34,22.43,22.241260223706846
7,Bachelors,Backend Developer,Tier-2,Enterprise,13,Hybrid,1,3.7,15.57,15.15915193363882
11,Bachelors,Data Analyst,Tier-2,Mid,15,Hybrid,5,3.45,14.34,15.469730452659052
6,Bachelors,Data Analyst,Tier-2,Enterprise,2,Onsite,5,4.48,12.34,11.913109615086864
6,Bachelors,Frontend Developer,Tier-2,Mid,12,Remote,1,3.07,10.62,11.909439314416321
3,Bachelors,ML Engineer,Tier-1,Enterprise,4,Hybrid,3,3.31,14.56,14.504473800438577
20,Masters,Backend Developer,Tier-1,Startup,14,Remote,4,4.35,23.88,25.277764175811726
3,Masters,Backend Developer,Tier-2,Startup,2,Hybrid,0,3.43,8.94,10.395896037133337
1,Bachelors,Backend Developer,Tier-1,Mid,5,Onsite,4,2.61,12.75,10.752168103331405
19,Bachelors,ML Engineer,Tier-1,Startup,4,Onsite,4,5.0,23.81,23.778728678852698
11,Masters,ML Engineer,Tier-1,Enterprise,10,Onsite,5,2.64,21.5,20.66257633698659
9,Diploma,Frontend Developer,Tier-1,Mid,2,Onsite,1,3.45,10.39,12.583977371287592
15,Bachelors,DevOps Engineer,Tier-1,Enterprise,2,Onsite,4,3.78,20.16,20.65468870573889
8,Bachelors,Data Scientist,Tier-1,Startup,9,Onsite,4,3.71,17.04,16.51974381329184
2,Bachelors,Frontend Developer,Tier-3,Mid,15,Onsite,0,3.35,9.72,9.459233805989598
15,Bachelors,DevOps Engineer,Tier-1,Mid,9,Remote,4,3.35,18.55,20.9763391277709
3,Bachelors,Data Analyst,Tier-3,Startup,8,Hybrid,3,3.31,8.63,8.339463437211524
11,Bachelors,Frontend Developer,Tier-3,Mid,11,Hybrid,5,2.61,14.86,14.21897005203293
19,Bachelors,ML Engineer,Tier-1,Mid,9,Onsite,0,5.0,25.58,24.06825015391871
19,Diploma,DevOps Engineer,Tier-2,Enterprise,7,Hybrid,5,3.32,20.4,21.27826132573682
7,Bachelors,Backend Developer,Tier-2,Mid,10,Remote,3,3.98,12.04,14.567859466087533
16,Bachelors,DevOps Engineer,Tier-2,Startup,2,Hybrid,1,3.23,16.34,17.529369692452477
12,Bachelors,Data Analyst,Tier-1,Mid,5,Hybrid,2,3.22,13.67,14.885683783309828
10,Bachelors,Data Analyst,Tier-1,Mid,11,Onsite,4,3.14,16.16,15.140158326935081
2,Bachelors,DevOps Engineer,Tier-1,Startup,6,Onsite,5,2.26,8.8,12.111467895059562
7,Bachelors,Backend Developer,Tier-2,Mid,2,Hybrid,1,3.37,11.55,12.024784547009448
13,Diploma,Backend Developer,Tier-3,Startup,3,Remote,5,3.17,16.21,14.528434507827807
20,Masters,Data Scientist,Tier-2,Startup,14,Onsite,3,4.44,23.89,23.80325518589809
0,Bachelors,Data Scientist,Tier-2,Mid,6,Onsite,1,2.54,9.66,8.53724687097904
15,Masters,Frontend Developer,Tier-3,Startup,2,Onsite,3,3.04,13.3,15.2552893435334
17,PhD,Data Scientist,Tier-2,Mid,12,Onsite,4,2.78,20.51,22.19795659180807
19,Diploma,Backend Developer,Tier-1,Startup,9,Remote,0,4.65,22.98,21.369102834636784
8,Bachelors,Data Scientist,Tier-2,Mid,8,Hybrid,0,2.8,13.58,13.423728943406406
2,Masters,Data Scientist,Tier-1,Startup,14,Onsite,0,3.95,14.42,14.472944320178595
5,Bachelors,Data Analyst,Tier-1,Enterprise,6,Onsite,3,4.28,11.6,13.08284561787632
17,Bachelors,DevOps Engineer,Tier-1,Startup,10,Onsite,0,3.38,20.91,20.927937189178287
18,Bachelors,DevOps Engineer,Tier-3,Mid,12,Onsite,5,2.4,18.76,20.090935998500292
13,Diploma,Data Analyst,Tier-1,Startup,10,Hybrid,0,2.41,15.77,14.095850162958795
2,Bachelors,ML Engineer,Tier-1,Startup,4,Remote,0,4.19,16.21,13.095008776724194
2,PhD,Backend Developer,Tier-1,Mid,11,Hybrid,1,2.49,14.52,14.164442133493667
10,Masters,ML Engineer,Tier-1,Enterprise,12,Onsite,4,3.81,21.1,21.31315039774853
12,Diploma,Frontend Developer,Tier-1,Enterprise,3,Hybrid,5,3.59,13.41,16.361836356471557
0,Masters,Data Scientist,Tier-2,Startup,4,Hybrid,1,3.8,8.11,10.15792953511771
14,Bachelors,Data Analyst,Tier-2,Startup,11,Onsite,3,3.88,18.03,15.911758474293386
11,Masters,ML Engineer,Tier-1,Mid,3,Hybrid,4,2.75,17.62,18.58152772018672
0,Diploma,Backend Developer,Tier-1,Mid,14,Hybrid,4,2.72,10.64,11.275250676739116
2,Masters,Data Scientist,Tier-1,Startup,3,Remote,0,4.07,13.49,12.749471333314887
9,Masters,Frontend Developer,Tier-1,Mid,15,Onsite,5,3.0,19.17,17.295811938406885
15,Bachelors,Data Analyst,Tier-2,Mid,11,Onsite,5,1.3,14.88,14.844610635149335
17,Diploma,Data Analyst,Tier-2,Mid,8,Onsite,4,4.02,16.72,16.754987803366053
9,Masters,Backend Developer,Tier-2,Mid,5,Onsite,3,2.67,14.53,14.325918034687128
6,Bachelors,Backend Developer,Tier-1,Mid,6,Onsite,2,3.87,13.58,14.349234736399211
20,Bachelors,Data Scientist,Tier-2,Startup,12,Hybrid,5,4.61,22.61,23.19457343719899
9,Masters,Data Scientist,Tier-1,Mid,12,Onsite,5,3.51,19.54,18.8937391731072
6,Bachelors,Data Analyst,Tier-1,Startup,4,Onsite,3,4.3,12.6,12.223195537221079
9,Bachelors,Backend Developer,Tier-3,Mid,9,Remote,4,3.62,17.34,14.730340106601933
0,Bachelors,ML Engineer,Tier-2,Mid,15,Hybrid,2,4.77,14.11,13.594530559443491
6,Diploma,Data Analyst,Tier-3,Mid,5,Onsite,4,2.65,9.96,8.325861879060602
10,Masters,ML Engineer,Tier-3,Startup,11,Hybrid,0,3.49,15.37,16.796611911940705
19,Bachelors,DevOps Engineer,Tier-2,Startup,4,Onsite,5,4.04,21.78,21.012994484574456
15,Bachelors,Data Scientist,Tier-3,Mid,13,Onsite,3,3.35,17.66,18.547049761758572
16,Bachelors,DevOps Engineer,Tier-1,Mid,4,Hybrid,3,4.42,21.81,21.262637914538864
11,Masters,Data Scientist,Tier-1,Enterprise,6,Onsite,1,3.15,19.53,18.459032597961034
2,Diploma,Data Scientist,Tier-1,Mid,8,Onsite,3,5.0,13.27,13.407803620092567
8,Masters,Data Scientist,Tier-1,Enterprise,7,Onsite,0,5.0,21.53,18.44203402928179
20,Masters,Data Scientist,Tier-1,Startup,4,Remote,5,3.73,25.43,23.565147993635094
0,Masters,Data Analyst,Tier-1,Mid,10,Onsite,4,3.94,12.41,11.190513236179463
18,PhD,Backend Developer,Tier-2,Startup,2,Hybrid,2,4.45,22.11,21.35335437840126
14,Masters,ML Engineer,Tier-2,Mid,15,Onsite,5,2.55,23.23,20.748320387482522
5,Masters,Frontend Developer,Tier-2,Startup,2,Hybrid,4,2.45,8.69,10.276693997733018
16,Bachelors,ML Engineer,Tier-1,Startup,6,Onsite,0,4.51,22.65,21.183133944081316
17,Masters,ML Engineer,Tier-2,Mid,15,Onsite,0,3.72,21.38,22.320183977767933
0,Bachelors,ML Engineer,Tier-1,Mid,4,Hybrid,1,3.32,10.87,11.631848118342365
2,Bachelors,Data Analyst,Tier-1,Startup,3,Hybrid,0,3.51,9.34,8.619863159888743
13,Masters,Frontend Developer,Tier-1,Startup,12,Onsite,3,1.59,18.45,16.960877421731496
20,PhD,Data Analyst,Tier-1,Mid,3,Onsite,3,3.35,19.46,21.468350740782483
0,Masters,Frontend Developer,Tier-1,Startup,14,Onsite,3,2.9,10.74,11.411688281351166
13,Bachelors,DevOps Engineer,Tier-2,Startup,8,Onsite,0,4.23,17.61,17.537744831377115
2,Bachelors,Frontend Developer,Tier-2,Mid,14,Hybrid,5,4.3,12.1,12.02174389366434
13,Bachelors,ML Engineer,Tier-2,Startup,5,Onsite,5,3.96,19.46,18.383048664323397
13,Bachelors,Data Scientist,Tier-1,Mid,3,Hybrid,3,3.82,22.59,18.404761974780037
1,Bachelors,DevOps Engineer,Tier-2,Mid,15,Onsite,0,2.3,11.3,10.811934065393386
14,Diploma,Data Scientist,Tier-2,Startup,12,Onsite,2,3.97,16.68,17.70067911735061
18,Diploma,ML Engineer,Tier-1,Startup,14,Onsite,4,4.0,21.4,23.352689231749157
18,Masters,Frontend Developer,Tier-2,Startup,6,Onsite,4,4.5,19.61,19.80786196637714
0,Bachelors,DevOps Engineer,Tier-1,Startup,7,Onsite,1,5.0,11.48,12.769472915760444
5,Masters,DevOps Engineer,Tier-1,Startup,10,Remote,4,2.15,15.99,15.352903041801609
5,Bachelors,Data Analyst,Tier-1,Enterprise,8,Onsite,5,3.19,13.36,12.922506344476457
9,Diploma,DevOps Engineer,Tier-1,Enterprise,5,Remote,3,2.91,15.55,16.30485045088709
3,Bachelors,Data Analyst,Tier-1,Mid,7,Onsite,2,3.64,13.04,10.581644061045445
17,Bachelors,Backend Developer,Tier-1,Mid,10,Onsite,3,3.51,20.15,20.9931289435031
16,PhD,DevOps Engineer,Tier-1,Mid,2,Onsite,0,3.31,21.59,21.4788327972567
16,Bachelors,Backend Developer,Tier-3,Enterprise,6,Onsite,3,4.32,19.74,18.989064738684554
4,Bachelors,DevOps Engineer,Tier-1,Startup,6,Hybrid,0,2.62,13.42,12.552317045222743
0,Masters,ML Engineer,Tier-1,Startup,2,Remote,0,2.67,12.78,11.246970336534524
19,PhD,Data Scientist,Tier-1,Startup,3,Hybrid,3,2.68,23.23,22.79383644737643
6,Bachelors,Data Scientist,Tier-2,Startup,8,Hybrid,3,3.21,14.38,13.114539645262264
13,Diploma,ML Engineer,Tier-2,Startup,3,Onsite,5,2.52,14.84,15.883735005681896
19,Bachelors,Frontend Developer,Tier-3,Enterprise,6,Onsite,3,3.46,19.83,18.63249241702856
0,Diploma,ML Engineer,Tier-1,Enterprise,9,Hybrid,5,3.37,14.19,13.454917582290854
0,Bachelors,Frontend Developer,Tier-1,Startup,14,Onsite,4,2.87,12.61,10.631808787163287
0,Bachelors,ML Engineer,Tier-2,Mid,3,Onsite,2,4.2,8.79,10.718943730460124
3,Masters,Data Scientist,Tier-1,Mid,8,Remote,5,3.45,14.16,15.032917651652573
1,Bachelors,Data Scientist,Tier-2,Mid,3,Remote,2,4.35,11.74,10.57909859523949
17,Bachelors,Backend Developer,Tier-2,Mid,8,Hybrid,3,3.34,15.96,19.01205961027184
12,Bachelors,DevOps Engineer,Tier-1,Startup,8,Onsite,0,3.48,18.36,17.91846733057879
20,Masters,DevOps Engineer,Tier-3,Enterprise,13,Remote,1,3.05,24.72,23.042805190720856
16,Bachelors,Data Scientist,Tier-2,Enterprise,8,Onsite,3,3.49,19.25,19.734062171666867
20,Masters,ML Engineer,Tier-1,Mid,15,Onsite,1,4.07,25.77,26.091485527099366
5,Masters,Frontend Developer,Tier-1,Mid,3,Onsite,3,3.17,11.4,12.595453123475584
6,Bachelors,Backend Developer,Tier-1,Mid,2,Remote,0,3.91,12.81,13.406633905513454
17,Diploma,Data Analyst,Tier-2,Startup,2,Remote,1,2.85,13.82,13.882034161184832
5,Bachelors,Backend Developer,Tier-1,Startup,6,Hybrid,3,4.11,13.22,14.128369461741913
1,Bachelors,Data Analyst,Tier-1,Mid,4,Onsite,3,3.04,7.84,8.619312304762293
14,Masters,Data Analyst,Tier-2,Startup,3,Onsite,5,4.18,15.81,16.118192395742415
16,Bachelors,Backend Developer,Tier-1,Enterprise,5,Onsite,5,3.55,20.55,20.80095010975635
20,Masters,Data Analyst,Tier-1,Mid,15,Remote,4,4.72,26.12,23.93762883399971
19,Bachelors,ML Engineer,Tier-2,Mid,13,Onsite,0,2.58,20.61,21.04387027181721
2,Bachelors,Backend Developer,Tier-1,Startup,2,Onsite,3,2.32,10.36,10.006178245158894
16,Bachelors,Backend Developer,Tier-1,Enterprise,14,Hybrid,1,3.01,20.45,21.235519299870425
17,Bachelors,ML Engineer,Tier-1,Startup,4,Onsite,1,2.39,18.84,19.68157505118438
14,Bachelors,Data Analyst,Tier-1,Startup,7,Remote,1,2.39,13.34,15.196826787004964
17,Bachelors,Frontend Developer,Tier-1,Startup,6,Onsite,2,4.0,17.34,18.991636740935768
17,Bachelors,DevOps Engineer,Tier-2,Mid,7,Remote,0,3.5,18.06,19.34249211282477
9,Masters,DevOps Engineer,Tier-3,Enterprise,12,Onsite,3,3.12,17.72,17.154798054437194
0,Bachelors,Frontend Developer,Tier-1,Startup,11,Onsite,0,3.19,10.84,9.471747264034043
9,Masters,ML Engineer,Tier-3,Enterprise,10,Onsite,3,3.02,15.55,17.22464068343735
4,Bachelors,DevOps Engineer,Tier-2,Startup,10,Onsite,3,4.82,13.52,14.1940834991628
2,Bachelors,ML Engineer,Tier-2,Mid,12,Hybrid,1,2.91,10.58,12.240867563007157
2,Bachelors,Data Analyst,Tier-2,Startup,4,Onsite,0,2.44,5.95,6.108369469589476
14,Bachelors,DevOps Engineer,Tier-2,Mid,7,Onsite,4,4.14,20.44,18.96093091359908
10,Bachelors,Data Scientist,Tier-2,Mid,3,Hybrid,4,3.33,14.59,14.953308676102536
11,Bachelors,DevOps Engineer,Tier-1,Mid,11,Onsite,1,5.0,19.69,19.766258602989243
15,PhD,ML Engineer,Tier-1,Startup,8,Hybrid,5,3.08,25.31,23.370076269556275
11,Bachelors,DevOps Engineer,Tier-1,Enterprise,10,Hybrid,1,4.18,20.4,19.785914688709482
13,Bachelors,Backend Developer,Tier-1,Enterprise,9,Onsite,5,4.37,19.79,20.640129061315772
1,Bachelors,ML Engineer,Tier-2,Mid,5,Hybrid,0,3.08,10.51,10.32708022989317
17,Diploma,Data Scientist,Tier-1,Mid,3,Onsite,3,2.91,17.68,18.793393423000627
9,Bachelors,DevOps Engineer,Tier-1,Mid,15,Onsite,0,4.09,18.81,18.378771095956623
3,Bachelors,Data Analyst,Tier-1,Startup,6,Onsite,1,3.96,10.91,10.207223370281683
17,Bachelors,ML Engineer,Tier-1,Enterprise,3,Remote,2,2.37,19.59,20.961726807506025
15,Diploma,ML Engineer,Tier-2,Startup,6,Hybrid,0,2.6,16.43,16.629963535863933
1,PhD,Backend Developer,Tier-2,Mid,14,Hybrid,2,1.47,11.62,11.885724798465127
4,Bachelors,Data Scientist,Tier-1,Startup,5,Remote,1,3.98,13.98,13.377942697265317
0,Masters,Backend Developer,Tier-1,Startup,15,Onsite,0,3.29,13.23,12.501710836721319
5,Bachelors,ML Engineer,Tier-1,Mid,8,Remote,5,3.37,16.8,16.105201700026917
2,Diploma,Data Scientist,Tier-1,Mid,14,Hybrid,5,2.15,11.98,12.55270967085175
14,Masters,Data Scientist,Tier-2,Enterprise,11,Remote,5,2.62,21.68,20.048945709949074
10,Bachelors,Frontend Developer,Tier-2,Enterprise,2,Remote,0,3.12,12.03,12.859590034252923
20,Masters,Data Scientist,Tier-1,Startup,9,Remote,2,2.96,21.6,23.13451085049688
15,Bachelors,Data Scientist,Tier-1,Startup,7,Onsite,1,3.59,15.28,19.193118733528358
12,Bachelors,Backend Developer,Tier-3,Mid,4,Hybrid,1,3.97,14.85,15.017725386764658
10,Masters,Data Scientist,Tier-2,Mid,9,Remote,2,5.0,17.43,18.16022768146503
1,Bachelors,ML Engineer,Tier-1,Mid,3,Hybrid,3,3.48,13.04,12.580679747462726
1,Bachelors,Data Scientist,Tier-1,Enterprise,11,Onsite,2,4.39,11.93,14.287278925975816
12,Bachelors,ML Engineer,Tier-1,Mid,13,Remote,1,2.84,18.72,19.48647178961562
0,Bachelors,Frontend Developer,Tier-3,Startup,3,Onsite,5,2.16,6.69,5.937279589046824
0,Masters,Backend Developer,Tier-1,Mid,8,Onsite,5,3.22,11.3,12.507398755448724
4,Bachelors,DevOps Engineer,Tier-1,Mid,11,Hybrid,1,2.22,14.01,13.596670471548062
18,Bachelors,Frontend Developer,Tier-3,Mid,2,Onsite,1,3.51,15.67,16.14540301957811
9,Masters,Data Analyst,Tier-2,Startup,7,Hybrid,3,2.88,12.51,12.661987090381546
14,Bachelors,ML Engineer,Tier-1,Mid,5,Onsite,2,1.94,19.03,18.302595245210163
8,Masters,Data Scientist,Tier-1,Mid,2,Hybrid,5,4.89,19.19,17.870482174027018
3,Bachelors,Backend Developer,Tier-1,Startup,13,Remote,2,3.07,13.29,13.248834666321184
7,Bachelors,Data Scientist,Tier-2,Mid,8,Onsite,0,2.19,11.25,12.191445042355948
1,Masters,DevOps Engineer,Tier-1,Startup,12,Hybrid,0,4.22,13.74,14.436631200536839
16,Bachelors,Data Scientist,Tier-3,Mid,10,Onsite,0,2.92,18.16,17.483436359103006
3,Bachelors,Backend Developer,Tier-3,Mid,14,Remote,2,4.37,11.33,12.610007084209197
7,Bachelors,Data Analyst,Tier-1,Enterprise,15,Remote,1,2.91,14.0,14.378686604436266
20,Masters,DevOps Engineer,Tier-2,Startup,10,Onsite,5,3.07,22.51,22.777770646601983
12,Masters,DevOps Engineer,Tier-1,Startup,6,Hybrid,5,3.78,19.99,20.045390070044697
9,Bachelors,Frontend Developer,Tier-1,Startup,7,Hybrid,0,3.97,13.39,14.479917887229854
11,Bachelors,ML Engineer,Tier-2,Mid,13,Hybrid,5,4.11,17.21,19.302557331756034
16,Masters,Data Analyst,Tier-1,Startup,7,Hybrid,3,3.43,19.03,18.572414991377862
5,Bachelors,Frontend Developer,Tier-1,Mid,9,Onsite,1,3.92,14.28,12.958784076831407
13,Bachelors,ML Engineer,Tier-1,Startup,4,Hybrid,2,4.1,17.1,19.393588180079767
18,Bachelors,DevOps Engineer,Tier-1,Startup,15,Onsite,2,3.66,23.43,23.096653563443514
12,Bachelors,Frontend Developer,Tier-1,Mid,11,Onsite,1,3.39,18.15,16.67437128770912
9,Masters,Backend Developer,Tier-2,Mid,6,Remote,5,2.34,15.83,14.869387359636288
3,Masters,DevOps Engineer,Tier-2,Enterprise,10,Onsite,0,3.98,14.16,14.25615174283537
5,Masters,Frontend Developer,Tier-2,Mid,7,Hybrid,0,3.53,10.47,11.533650860910395
19,Bachelors,ML Engineer,Tier-2,Mid,4,Onsite,1,3.17,20.34,20.12641702573572
11,Bachelors,Data Analyst,Tier-1,Mid,14,Remote,0,4.52,17.19,16.79607801294609
6,Bachelors,Data Analyst,Tier-2,Mid,14,Hybrid,0,2.36,10.65,10.466547419899111
8,Bachelors,ML Engineer,Tier-1,Startup,13,Onsite,2,4.82,18.43,18.838671009368223
12,Bachelors,Backend Developer,Tier-1,Mid,7,Onsite,2,3.48,16.16,17.45918160403393
11,Bachelors,Data Analyst,Tier-3,Mid,5,Onsite,0,3.75,12.51,11.987552054925864
14,Bachelors,Data Analyst,Tier-1,Startup,2,Remote,4,3.18,16.52,15.645379400293388
5,Bachelors,Frontend Developer,Tier-1,Mid,12,Hybrid,5,2.17,13.44,12.978101565435772
13,Masters,Frontend Developer,Tier-1,Mid,6,Onsite,4,3.39,18.21,17.93654737013337
9,Diploma,Data Analyst,Tier-1,Mid,14,Hybrid,3,3.77,17.04,14.794022929151962
19,Bachelors,Backend Developer,Tier-1,Startup,14,Onsite,5,4.04,22.75,23.492998732585402
3,Masters,Data Analyst,Tier-1,Mid,3,Onsite,2,3.34,11.88,10.546951952445152
3,Masters,Frontend Developer,Tier-2,Enterprise,14,Onsite,2,1.75,10.41,11.250086030512659
9,Masters,DevOps Engineer,Tier-1,Startup,3,Onsite,0,2.27,16.52,15.24627273534171
10,Bachelors,DevOps Engineer,Tier-1,Mid,8,Hybrid,4,5.0,21.01,19.472509554386853
14,Masters,Backend Developer,Tier-1,Startup,8,Remote,0,2.63,18.0,18.46022885371599
8,Bachelors,Backend Developer,Tier-2,Startup,15,Remote,3,4.64,18.45,16.378671943227523
19,Bachelors,DevOps Engineer,Tier-1,Enterprise,11,Remote,4,2.75,24.62,23.791649187065566
9,Bachelors,Backend Developer,Tier-1,Mid,14,Onsite,1,3.35,15.66,16.780943414727446
2,Bachelors,ML Engineer,Tier-1,Mid,10,Onsite,3,4.0,14.27,14.7497104486911
2,Bachelors,Frontend Developer,Tier-2,Startup,13,Hybrid,1,2.84,10.92,9.384961546973736
20,Bachelors,Backend Developer,Tier-2,Enterprise,13,Remote,2,4.77,24.77,23.50191490629456
2,Masters,DevOps Engineer,Tier-2,Startup,14,Hybrid,3,3.56,12.59,13.831550176384637
19,Bachelors,Backend Developer,Tier-2,Mid,7,Onsite,1,3.87,19.74,19.807252252798985
5,Bachelors,DevOps Engineer,Tier-1,Startup,7,Hybrid,4,3.29,14.93,14.774047012960079
1,Bachelors,Data Analyst,Tier-1,Startup,15,Hybrid,2,4.03,10.63,11.210055793732952
6,Bachelors,Data Analyst,Tier-1,Mid,12,Remote,2,4.76,17.33,14.357272987103471
12,Bachelors,Data Analyst,Tier-1,Startup,14,Hybrid,4,3.39,17.32,16.8987684193836
8,Bachelors,Backend Developer,Tier-1,Mid,10,Onsite,1,4.88,16.74,16.864232284802277
16,Bachelors,Frontend Developer,Tier-1,Startup,15,Onsite,2,3.01,20.83,19.22775887461188
12,Masters,Data Scientist,Tier-1,Mid,12,Onsite,5,4.11,20.79,21.068153218375123
8,Masters,Data Analyst,Tier-2,Mid,12,Onsite,2,3.89,14.92,13.838262559122258
13,Bachelors,DevOps Engineer,Tier-1,Mid,4,Remote,0,2.65,15.5,17.440491358391974
20,Bachelors,Frontend Developer,Tier-2,Startup,9,Hybrid,1,3.67,18.94,19.208558586614735
8,Masters,Backend Developer,Tier-2,Mid,12,Onsite,5,3.51,17.67,16.275764920731703
3,PhD,ML Engineer,Tier-1,Enterprise,12,Onsite,4,2.82,20.8,18.020547881629746
8,Bachelors,ML Engineer,Tier-1,Startup,15,Hybrid,4,3.79,17.77,18.87229022763416
17,Masters,Data Analyst,Tier-2,Startup,6,Hybrid,1,3.62,15.87,17.05940413222429
4,Masters,Data Scientist,Tier-2,Enterprise,6,Onsite,5,3.44,15.29,14.19156752668437
19,Masters,DevOps Engineer,Tier-1,Startup,15,Remote,2,3.45,23.95,24.63824505361707
12,Bachelors,ML Engineer,Tier-1,Mid,15,Onsite,4,3.43,20.53,20.84524089300451
12,Diploma,Frontend Developer,Tier-2,Mid,4,Onsite,5,3.21,15.15,13.669049451650254
6,Diploma,Frontend Developer,Tier-2,Startup,7,Onsite,1,3.61,9.82,10.166100563568403
19,Bachelors,Data Scientist,Tier-1,Mid,15,Hybrid,5,2.98,21.32,23.596252500187028
0,Bachelors,Data Scientist,Tier-1,Mid,4,Hybrid,3,5.0,11.0,12.55372362438274
6,Bachelors,Frontend Developer,Tier-2,Startup,12,Remote,4,2.37,12.08,11.697241383443242
8,Bachelors,Data Analyst,Tier-1,Enterprise,3,Onsite,4,3.03,10.94,13.266510982980678
10,Bachelors,ML Engineer,Tier-2,Startup,4,Remote,1,3.1,14.75,15.108241156332952
9,Masters,DevOps Engineer,Tier-1,Mid,12,Hybrid,4,5.0,19.15,20.644088750110647
3,Bachelors,Frontend Developer,Tier-1,Enterprise,10,Onsite,1,2.44,13.5,11.526514913952987
4,Bachelors,Frontend Developer,Tier-1,Startup,9,Onsite,1,3.84,14.82,12.088430927702866
2,Masters,Data Analyst,Tier-1,Enterprise,13,Onsite,0,3.7,10.77,12.531887368299962
12,Masters,Data Scientist,Tier-3,Startup,6,Remote,1,3.77,16.73,16.474290232384845
7,PhD,Data Scientist,Tier-1,Mid,9,Onsite,5,4.49,18.53,19.5378644059317
11,Masters,Data Scientist,Tier-3,Startup,10,Onsite,1,4.47,16.57,17.08885693686911
12,Masters,Data Scientist,Tier-1,Mid,12,Hybrid,2,3.14,21.89,19.67158018474698
14,Bachelors,DevOps Engineer,Tier-2,Mid,6,Remote,2,3.66,17.76,18.108723820929647
11,Bachelors,Data Analyst,Tier-3,Enterprise,10,Hybrid,4,2.01,12.64,13.186001521390832
13,Bachelors,Frontend Developer,Tier-2,Enterprise,8,Hybrid,3,3.58,15.68,16.62066521980463
12,Bachelors,Backend Developer,Tier-1,Mid,9,Onsite,3,2.86,18.89,17.49722760831131
13,Masters,Backend Developer,Tier-2,Mid,14,Remote,5,3.35,15.74,19.4399077555622
12,Bachelors,Data Scientist,Tier-1,Mid,7,Onsite,2,2.15,16.24,16.74192450107812
6,Bachelors,Data Scientist,Tier-3,Enterprise,11,Onsite,4,3.82,14.68,14.708421385479483
5,Bachelors,Backend Developer,Tier-1,Mid,15,Remote,5,2.14,14.09,14.798788673757274
16,Bachelors,Data Scientist,Tier-1,Enterprise,12,Onsite,4,3.62,23.56,22.412938224746778
7,Bachelors,Frontend Developer,Tier-1,Startup,15,Onsite,0,2.52,14.95,13.432723491941484
11,Diploma,Data Analyst,Tier-2,Mid,10,Hybrid,1,2.82,10.86,12.249284289568461
4,Masters,Data Analyst,Tier-3,Mid,5,Onsite,3,4.42,12.69,10.411689815554197
9,Bachelors,Frontend Developer,Tier-1,Startup,15,Onsite,2,3.97,14.71,16.268151580044893
11,Masters,Backend Developer,Tier-2,Startup,11,Hybrid,1,4.42,19.0,17.539127808817824
13,Bachelors,Data Analyst,Tier-3,Enterprise,5,Hybrid,2,4.75,15.33,15.359471080569
11,Bachelors,DevOps Engineer,Tier-1,Mid,6,Hybrid,0,2.88,16.21,16.857809307226397
7,Bachelors,Data Analyst,Tier-1,Startup,5,Onsite,1,4.7,12.48,12.867297032814353
20,Masters,DevOps Engineer,Tier-2,Startup,13,Hybrid,4,2.33,22.68,22.588678023528463
10,Bachelors,Frontend Developer,Tier-2,Mid,3,Remote,0,4.1,13.73,13.123469790949539
16,Masters,DevOps Engineer,Tier-1,Mid,12,Onsite,5,3.11,22.0,22.853042872330384
15,Bachelors,DevOps Engineer,Tier-2,Enterprise,9,Onsite,2,2.76,18.94,18.995331154568515
11,Bachelors,Data Scientist,Tier-1,Enterprise,3,Onsite,4,3.99,17.57,18.34753663489092
18,Masters,Frontend Developer,Tier-3,Mid,10,Hybrid,1,4.26,17.94,19.416269023566244
2,Bachelors,Data Scientist,Tier-2,Mid,12,Onsite,4,4.23,12.06,12.922680795981277
19,Bachelors,ML Engineer,Tier-2,Startup,12,Hybrid,3,3.67,20.97,22.38992034646253
17,Masters,Data Scientist,Tier-1,Enterprise,9,Remote,5,3.61,23.73,23.800116725153345
10,Bachelors,ML Engineer,Tier-1,Startup,6,Onsite,0,3.92,17.7,17.380727693126886
15,Bachelors,DevOps Engineer,Tier-1,Startup,4,Hybrid,4,3.74,20.2,20.07744893175672
10,Bachelors,ML Engineer,Tier-1,Enterprise,2,Onsite,1,3.93,20.45,17.923137305870416
5,Bachelors,Data Analyst,Tier-2,Enterprise,7,Onsite,2,3.66,8.16,10.892033816319255
16,Masters,Data Scientist,Tier-1,Startup,10,Hybrid,0,4.17,22.16,21.707731680437863
5,Masters,Frontend Developer,Tier-1,Mid,2,Onsite,5,2.2,12.14,11.986410708855184
6,Bachelors,Backend Developer,Tier-1,Mid,15,Remote,3,3.39,17.03,16.018898996693892
10,Masters,Backend Developer,Tier-1,Startup,10,Hybrid,5,2.39,18.25,17.478374647776242
17,Bachelors,ML Engineer,Tier-1,Startup,6,Onsite,3,3.72,21.4,21.689007665959988
8,Diploma,Data Scientist,Tier-2,Startup,15,Onsite,0,4.81,15.26,15.290168402552617
10,Bachelors,Backend Developer,Tier-2,Mid,4,Onsite,2,3.12,13.11,13.891004608612164
0,PhD,Backend Developer,Tier-1,Mid,15,Remote,2,3.6,15.7,15.09988095880417
2,Diploma,DevOps Engineer,Tier-2,Mid,5,Hybrid,0,4.11,7.91,10.426557135305323
1,Bachelors,Backend Developer,Tier-2,Startup,7,Onsite,5,1.85,9.8,8.813561918195049
1,Bachelors,DevOps Engineer,Tier-1,Enterprise,7,Hybrid,5,3.08,13.8,13.678381149198215
18,Masters,Frontend Developer,Tier-2,Mid,15,Hybrid,3,3.79,20.59,21.011075761046357
17,Diploma,Data Analyst,Tier-1,Enterprise,5,Hybrid,3,1.18,15.66,15.969958435069564
17,Bachelors,ML Engineer,Tier-1,Startup,15,Onsite,4,2.72,22.38,22.684450315667565
1,Masters,ML Engineer,Tier-1,Mid,6,Onsite,4,4.38,16.8,15.001122615796799
1,Bachelors,Data Analyst,Tier-1,Enterprise,5,Onsite,0,4.3,13.71,10.064877700412339
5,Bachelors,Data Scientist,Tier-2,Startup,10,Onsite,3,3.8,14.8,13.327981261305634
11,Bachelors,Frontend Developer,Tier-3,Startup,11,Onsite,4,4.21,14.53,15.036326023708071
7,Bachelors,ML Engineer,Tier-2,Startup,6,Onsite,4,3.67,15.56,14.812144848810021
10,Bachelors,Data Analyst,Tier-2,Startup,3,Onsite,3,3.94,13.39,12.299715731403733
3,Masters,Data Scientist,Tier-2,Mid,7,Onsite,5,3.25,11.99,12.861742299339804
15,Bachelors,Data Scientist,Tier-3,Startup,9,Onsite,3,3.59,16.16,17.76739949912487
6,Bachelors,Data Scientist,Tier-1,Startup,2,Remote,2,2.99,13.18,13.24885919406854
1,PhD,Data Analyst,Tier-1,Mid,3,Hybrid,2,4.51,12.28,12.057682195033621
15,Bachelors,Frontend Developer,Tier-2,Startup,14,Onsite,4,4.72,17.28,18.875536869777374
18,Bachelors,Frontend Developer,Tier-1,Startup,2,Hybrid,5,4.6,19.6,20.14125310330683
0,Masters,ML Engineer,Tier-1,Mid,7,Onsite,1,3.17,13.72,12.889100532937686
9,Bachelors,Backend Developer,Tier-1,Startup,12,Remote,1,2.74,15.8,15.819102365472629
17,Masters,DevOps Engineer,Tier-2,Startup,6,Hybrid,3,4.52,23.23,21.393053215077995
14,Masters,DevOps Engineer,Tier-1,Startup,8,Onsite,4,3.94,19.65,21.287970747767453
17,Diploma,Data Analyst,Tier-1,Startup,3,Remote,2,3.76,19.98,16.703417588001145
8,Bachelors,DevOps Engineer,Tier-1,Mid,13,Remote,3,2.99,15.59,17.353277148599716
7,Bachelors,Data Analyst,Tier-1,Startup,10,Remote,0,3.84,10.7,13.009716202387228
14,Bachelors,Data Analyst,Tier-2,Startup,13,Onsite,1,2.63,14.83,14.717582356281024
3,Bachelors,ML Engineer,Tier-1,Enterprise,14,Onsite,5,4.01,16.1,17.29054625659218
5,Bachelors,Frontend Developer,Tier-2,Enterprise,6,Hybrid,3,4.6,12.93,12.798357047353196
12,Masters,Data Analyst,Tier-2,Startup,2,Onsite,5,4.8,15.33,15.396873355850598
14,Masters,Data Scientist,Tier-1,Startup,6,Hybrid,1,4.07,19.69,20.007888023869377
2,Masters,Data Scientist,Tier-2,Mid,4,Hybrid,1,2.39,9.35,10.239230138309438
10,Bachelors,ML Engineer,Tier-2,Enterprise,9,Onsite,5,3.66,19.11,18.27137951044915
7,Bachelors,DevOps Engineer,Tier-2,Enterprise,4,Onsite,5,5.0,16.31,16.377555511716235
10,Bachelors,Data Scientist,Tier-1,Startup,14,Onsite,5,2.81,19.24,17.95446915809581
20,Bachelors,Data Scientist,Tier-1,Startup,10,Onsite,1,3.45,22.06,22.352156305868036
1,Masters,Data Analyst,Tier-3,Mid,5,Hybrid,4,4.63,7.93,9.32569266343767
20,Bachelors,Data Scientist,Tier-2,Enterprise,14,Hybrid,2,3.99,21.52,23.394524581043676
9,Bachelors,Data Analyst,Tier-3,Enterprise,12,Onsite,5,5.0,14.86,15.226277846058291
16,Masters,Backend Developer,Tier-3,Startup,8,Hybrid,5,2.91,16.98,18.60550636093364
8,Bachelors,ML Engineer,Tier-1,Mid,4,Hybrid,2,2.71,14.03,15.673254391644614
6,Diploma,ML Engineer,Tier-2,Startup,6,Hybrid,1,4.48,13.84,13.625796178551587
16,Bachelors,Frontend Developer,Tier-1,Mid,10,Onsite,5,2.54,16.98,18.800678156710866
14,Bachelors,Backend Developer,Tier-2,Enterprise,12,Hybrid,2,3.34,20.43,18.69345294952423
3,Masters,Data Analyst,Tier-1,Mid,5,Hybrid,2,3.45,11.11,11.15649642756768
14,Bachelors,ML Engineer,Tier-1,Startup,12,Onsite,3,4.33,21.52,21.710871489023393
15,Masters,Data Scientist,Tier-2,Mid,5,Hybrid,5,3.99,18.89,19.841829231078002
8,Masters,Frontend Developer,Tier-2,Mid,5,Remote,0,3.87,14.27,13.172573791610844
19,Masters,Data Scientist,Tier-2,Enterprise,8,Onsite,5,3.18,22.98,22.514213426620888
13,Bachelors,Data Analyst,Tier-1,Startup,4,Hybrid,2,4.47,15.44,16.112610705637426
7,Diploma,Frontend Developer,Tier-1,Enterprise,7,Remote,0,5.0,14.84,14.593287668157386
0,Masters,ML Engineer,Tier-3,Startup,7,Remote,1,4.05,9.33,11.390986233764657
14,Bachelors,Data Analyst,Tier-1,Startup,5,Onsite,2,3.58,14.1,15.906208837032363
4,Bachelors,Frontend Developer,Tier-1,Startup,12,Hybrid,4,2.46,11.05,12.216556343233423
15,Masters,Data Scientist,Tier-2,Startup,6,Remote,3,2.99,19.09,18.501363853095306
11,Bachelors,DevOps Engineer,Tier-1,Startup,11,Hybrid,0,3.33,17.74,17.93485936753531
9,Masters,Frontend Developer,Tier-2,Mid,12,Onsite,2,3.07,15.93,14.536232699164275
3,Masters,ML Engineer,Tier-1,Startup,11,Onsite,1,3.49,14.12,15.30125132399124
14,Masters,Backend Developer,Tier-2,Startup,5,Hybrid,1,4.92,19.16,18.511572579091094
3,Bachelors,Backend Developer,Tier-3,Startup,13,Onsite,4,4.5,12.25,12.524854852894917
8,Masters,Backend Developer,Tier-3,Startup,5,Onsite,4,3.37,12.48,13.733326018167842
17,Bachelors,Data Analyst,Tier-2,Enterprise,5,Onsite,0,2.53,16.0,15.611555666092201
19,Masters,Data Scientist,Tier-1,Enterprise,14,Hybrid,3,4.57,26.36,26.164888675902315
20,Masters,Data Scientist,Tier-2,Startup,6,Onsite,2,3.46,20.56,21.219579645360277
20,Masters,Frontend Developer,Tier-2,Mid,11,Remote,2,2.12,20.01,19.710418382462876
11,Bachelors,Data Analyst,Tier-2,Mid,2,Hybrid,4,4.07,13.51,13.392299253935072
4,Bachelors,Backend Developer,Tier-2,Enterprise,10,Remote,1,4.32,13.48,13.589592910878391
17,Bachelors,Frontend Developer,Tier-2,Startup,14,Remote,4,1.56,17.25,17.344611933233487
16,Bachelors,DevOps Engineer,Tier-2,Startup,11,Onsite,2,2.84,17.37,18.931022100526306
20,Bachelors,Data Scientist,Tier-2,Mid,10,Hybrid,0,3.41,21.05,20.888747854115472
13,Bachelors,Data Analyst,Tier-1,Enterprise,13,Onsite,4,4.09,17.72,18.798267342617187
2,Bachelors,Frontend Developer,Tier-1,Mid,6,Remote,5,3.09,10.23,11.1210786328067
10,Masters,Data Analyst,Tier-2,Mid,7,Onsite,3,2.83,12.92,13.275677602318545
9,Masters,Data Analyst,Tier-1,Startup,2,Hybrid,4,4.08,15.37,14.630752910132314
17,Bachelors,DevOps Engineer,Tier-2,Mid,11,Remote,0,3.13,20.12,19.752650531208275
8,Masters,DevOps Engineer,Tier-2,Enterprise,12,Onsite,2,3.93,17.59,17.755666818515802
6,Bachelors,Frontend Developer,Tier-1,Mid,12,Remote,2,2.61,12.87,13.31821438190262
1,Bachelors,DevOps Engineer,Tier-2,Mid,12,Onsite,4,2.42,12.12,11.253744007583661
17,Bachelors,Data Analyst,Tier-2,Mid,3,Onsite,2,4.1,13.68,16.293002371803635
15,Masters,Data Analyst,Tier-2,Mid,11,Onsite,4,3.7,18.66,17.747473342137155
0,Masters,Data Scientist,Tier-1,Mid,12,Onsite,1,4.24,11.5,13.746290927894234
9,Masters,Data Analyst,Tier-2,Mid,4,Hybrid,3,3.07,10.75,12.52902938296057
10,Masters,DevOps Engineer,Tier-1,Enterprise,8,Remote,1,2.86,18.56,18.730888235742242
9,PhD,Data Analyst,Tier-2,Mid,14,Onsite,3,4.59,19.0,17.018142691661126
19,Bachelors,Backend Developer,Tier-1,Startup,7,Hybrid,0,2.28,21.54,19.64571750803433
3,Bachelors,DevOps Engineer,Tier-2,Mid,12,Remote,4,4.5,15.46,14.41667225039492
6,Bachelors,Frontend Developer,Tier-2,Startup,9,Hybrid,0,4.56,12.76,12.144069013892214
3,PhD,Data Scientist,Tier-2,Startup,11,Onsite,5,4.19,13.36,15.606085842381999
5,Diploma,ML Engineer,Tier-1,Startup,10,Remote,5,2.95,14.85,15.008130346934724
19,Bachelors,Backend Developer,Tier-2,Mid,11,Onsite,3,2.85,19.55,20.08041443300606
19,Masters,Frontend Developer,Tier-2,Startup,12,Hybrid,5,3.33,19.98,20.780689219155168
0,Bachelors,ML Engineer,Tier-1,Startup,14,Hybrid,4,2.46,13.11,13.1303129665736
13,Masters,Data Scientist,Tier-3,Mid,6,Hybrid,0,2.73,15.46,16.050541476782428
4,Bachelors,Frontend Developer,Tier-2,Startup,14,Onsite,4,4.02,13.57,12.246345631727435
4,PhD,DevOps Engineer,Tier-3,Mid,10,Onsite,2,4.02,13.09,15.25370491438284
6,Masters,ML Engineer,Tier-3,Enterprise,10,Hybrid,5,2.66,16.43,15.850680902892526
4,Bachelors,Data Analyst,Tier-3,Mid,6,Onsite,5,4.04,8.78,9.72631651863094
10,Masters,Backend Developer,Tier-2,Startup,7,Onsite,5,3.86,16.07,16.5005510503913
20,Bachelors,DevOps Engineer,Tier-2,Startup,11,Hybrid,2,4.71,23.3,22.928930561801632
12,Bachelors,DevOps Engineer,Tier-1,Mid,7,Hybrid,1,3.96,17.42,18.77892160048494
15,Bachelors,ML Engineer,Tier-1,Mid,6,Onsite,0,4.35,20.91,20.747201490899588
10,Masters,Data Analyst,Tier-2,Startup,13,Onsite,0,3.88,13.96,14.407705608616261
0,Diploma,Backend Developer,Tier-1,Mid,7,Remote,5,4.28,10.85,11.665702346490495
1,Bachelors,Frontend Developer,Tier-2,Mid,11,Onsite,3,2.47,8.41,8.695163809623834
5,Masters,DevOps Engineer,Tier-1,Startup,2,Onsite,2,3.4,14.15,14.335754765477926
5,Bachelors,Data Analyst,Tier-1,Mid,3,Onsite,2,3.47,9.96,10.779067909113996
17,Bachelors,Data Scientist,Tier-1,Startup,13,Onsite,1,3.31,21.04,21.145994036176752
17,Diploma,ML Engineer,Tier-1,Startup,3,Remote,3,3.86,19.99,20.62803688182614
17,Bachelors,Data Analyst,Tier-1,Enterprise,13,Onsite,2,4.01,19.57,20.46394884132642
13,Masters,DevOps Engineer,Tier-1,Startup,14,Onsite,4,3.81,23.67,21.73826213578081
11,Diploma,Data Analyst,Tier-2,Mid,8,Hybrid,0,3.36,12.93,12.139576404690239
13,Bachelors,Backend Developer,Tier-1,Mid,14,Onsite,5,2.91,19.05,19.459916075849108
8,Masters,DevOps Engineer,Tier-1,Startup,7,Onsite,0,4.38,17.44,17.332299472097446
14,Diploma,Frontend Developer,Tier-1,Enterprise,15,Remote,2,3.78,18.06,19.248439624801847
16,Masters,Frontend Developer,Tier-1,Startup,5,Hybrid,2,2.69,17.69,18.202971452832948
16,Bachelors,Data Scientist,Tier-1,Startup,7,Onsite,4,3.35,19.81,20.191667884537814
12,Masters,Frontend Developer,Tier-2,Enterprise,7,Onsite,3,2.11,14.06,15.408252008069782
1,Masters,ML Engineer,Tier-2,Mid,12,Onsite,1,3.53,13.77,13.086019636009908
15,Masters,Data Analyst,Tier-1,Mid,2,Onsite,2,3.34,16.16,16.909353061451
7,Bachelors,ML Engineer,Tier-2,Startup,13,Hybrid,3,3.04,14.94,15.463181927725058
15,Bachelors,ML Engineer,Tier-1,Startup,2,Hybrid,2,4.77,19.91,20.71425908253836
11,Masters,Backend Developer,Tier-1,Mid,6,Hybrid,0,2.58,20.06,16.59252691230502
18,Bachelors,Data Scientist,Tier-2,Startup,10,Remote,1,4.07,19.71,20.426452696610014
7,Bachelors,ML Engineer,Tier-1,Startup,4,Onsite,3,5.0,14.41,17.00830064495355
19,Diploma,ML Engineer,Tier-2,Mid,8,Remote,1,4.36,19.2,21.303799002772124
17,Masters,Data Scientist,Tier-1,Startup,15,Hybrid,3,3.47,24.08,23.221218288195477
6,Masters,Frontend Developer,Tier-1,Startup,13,Onsite,0,2.59,15.06,13.554614908947418
10,Bachelors,Data Scientist,Tier-1,Startup,2,Remote,4,2.41,14.61,15.357167022433325
11,Masters,Frontend Developer,Tier-1,Mid,10,Onsite,1,3.17,18.28,16.721887041577602
16,Bachelors,Data Scientist,Tier-3,Mid,10,Hybrid,3,2.95,19.19,18.3184064581016
14,Bachelors,DevOps Engineer,Tier-1,Enterprise,2,Hybrid,5,2.92,19.7,19.701513861093844
17,Bachelors,ML Engineer,Tier-2,Startup,11,Onsite,2,3.24,20.0,20.365198771616797
7,Bachelors,Data Analyst,Tier-2,Startup,9,Remote,0,3.42,11.29,10.849890065103772
10,Bachelors,Data Analyst,Tier-2,Mid,11,Onsite,0,3.89,14.5,13.323272764068726
9,Masters,Frontend Developer,Tier-1,Mid,6,Remote,2,2.51,15.34,14.728829607484846
19,Masters,DevOps Engineer,Tier-1,Mid,5,Onsite,0,2.95,21.29,21.935737119342594
6,Bachelors,Data Scientist,Tier-1,Enterprise,12,Onsite,5,3.37,16.85,16.955123316183144
12,Bachelors,Backend Developer,Tier-2,Mid,12,Onsite,5,3.34,19.87,17.33044878565513
2,Bachelors,Backend Developer,Tier-1,Mid,4,Remote,5,4.97,14.09,13.657492564803842
17,PhD,Data Analyst,Tier-3,Enterprise,5,Onsite,5,3.69,19.83,19.50962149287526
8,Masters,ML Engineer,Tier-2,Startup,10,Remote,3,2.21,16.58,15.752985799905117
7,Masters,Frontend Developer,Tier-1,Enterprise,13,Onsite,1,3.83,16.77,16.486070532345163
12,Bachelors,DevOps Engineer,Tier-2,Mid,4,Onsite,2,3.94,16.96,16.689023747762025
10,Bachelors,DevOps Engineer,Tier-1,Mid,5,Onsite,1,3.4,17.76,16.674979086474934
17,Bachelors,Data Analyst,Tier-3,Enterprise,13,Onsite,5,2.53,18.29,17.564315778578862
11,Diploma,Data Scientist,Tier-1,Mid,11,Remote,2,4.91,18.96,18.78002090465218
10,Bachelors,ML Engineer,Tier-3,Mid,14,Onsite,2,2.64,15.24,16.173851581627353
2,Diploma,Data Analyst,Tier-2,Startup,12,Hybrid,4,4.03,10.07,9.207961243736845
0,PhD,Backend Developer,Tier-2,Mid,15,Hybrid,2,3.66,13.28,13.487217453699905
8,Diploma,Data Analyst,Tier-1,Mid,4,Hybrid,2,3.98,12.25,12.359870574216597
20,Bachelors,Data Analyst,Tier-2,Startup,5,Hybrid,1,4.87,22.11,18.65503774351819
19,Masters,Data Analyst,Tier-1,Mid,5,Remote,0,3.95,17.98,19.95773362914592
13,Bachelors,Data Scientist,Tier-2,Mid,2,Hybrid,0,3.05,16.5,15.263530297309787
13,Masters,Frontend Developer,Tier-1,Mid,12,Hybrid,2,4.38,18.64,19.630710606322147
8,Bachelors,Data Scientist,Tier-1,Startup,11,Hybrid,5,3.0,16.72,16.61738228310844
3,Masters,DevOps Engineer,Tier-1,Mid,3,Hybrid,1,3.63,17.01,13.806506464374499
0,Bachelors,Data Scientist,Tier-1,Startup,4,Onsite,3,2.47,8.65,9.894163280892123
7,Bachelors,Data Analyst,Tier-1,Startup,4,Hybrid,1,2.67,10.22,11.003690239742557
6,Masters,ML Engineer,Tier-2,Mid,7,Onsite,1,3.54,15.15,14.896234002151365
4,Bachelors,Frontend Developer,Tier-1,Startup,8,Hybrid,0,3.79,10.85,11.775827408649207
5,Bachelors,Data Analyst,Tier-2,Startup,6,Remote,3,2.14,10.09,8.723688865418868
0,Bachelors,Data Analyst,Tier-1,Mid,15,Remote,3,3.9,10.57,11.091832122095703
12,Bachelors,DevOps Engineer,Tier-2,Startup,4,Remote,2,2.84,16.54,15.659050987908252
19,Masters,Backend Developer,Tier-2,Enterprise,9,Hybrid,3,4.52,21.76,23.12078245820216
14,Bachelors,ML Engineer,Tier-1,Enterprise,8,Hybrid,2,3.22,18.92,20.944970312864903
9,Bachelors,Frontend Developer,Tier-2,Mid,7,Onsite,1,2.6,12.0,11.98996304976336
8,Bachelors,DevOps Engineer,Tier-3,Enterprise,13,Onsite,4,3.56,14.63,16.43568078256599
6,Masters,ML Engineer,Tier-2,Enterprise,15,Onsite,3,2.77,19.34,16.934311110102765
2,Bachelors,Backend Developer,Tier-1,Startup,2,Onsite,0,4.52,9.33,11.308995149123936
12,Bachelors,Data Analyst,Tier-1,Mid,8,Remote,2,3.5,14.7,15.760903633001034
11,Masters,Data Scientist,Tier-2,Startup,3,Remote,2,3.38,16.52,15.889291367034428
0,Diploma,Backend Developer,Tier-1,Mid,8,Hybrid,4,3.97,10.43,11.28257563688367
8,Masters,Data Scientist,Tier-2,Mid,10,Onsite,1,2.7,13.07,14.762999650189354
5,Bachelors,DevOps Engineer,Tier-1,Startup,7,Hybrid,5,2.47,16.64,14.262141007654153
3,Bachelors,DevOps Engineer,Tier-2,Startup,6,Onsite,3,3.83,10.82,12.020023130311111
14,Bachelors,Data Scientist,Tier-1,Enterprise,6,Remote,0,2.62,18.49,18.63137913575573
11,Masters,ML Engineer,Tier-1,Startup,6,Remote,2,2.62,18.23,18.39118260181938
13,Bachelors,Data Scientist,Tier-3,Startup,6,Onsite,5,4.17,17.9,17.08470875255684
14,Bachelors,Backend Developer,Tier-2,Startup,7,Onsite,1,3.92,17.44,16.870749738631336
20,Bachelors,Data Analyst,Tier-2,Mid,11,Onsite,4,2.5,17.71,18.425160474578615
16,Bachelors,ML Engineer,Tier-3,Enterprise,3,Onsite,4,3.0,18.78,18.975478207817467
13,Bachelors,Backend Developer,Tier-1,Mid,2,Onsite,4,2.78,16.71,16.896053400532836
